0.01844,,
0.01997,,
0.02057,,
0.02407,,
0.02259,,
0.01874,,Total:
0.02036,,586.91212
0.02145,,
0.09181,,Media:
0.03001,,0.058691212
0.02744,,
0.02524,,
0.02232,,Desvio Padraﬁo:
0.02271,,0.287284408084308
0.02593,,
0.02413,,
0.02911,,
0.02755,,
0.03268,,
0.09649,,
0.10462,,
0.02791,,
0.02319,,
0.03499,,
0.1829,,
0.0234,,
0.02396,,
0.02422,,
0.02248,,
0.02632,,
0.01999,,
0.02284,,
0.0228,,
0.02008,,
0.02874,,
0.02634,,
0.02679,,
0.0611,,
0.02323,,
0.01985,,
0.0208,,
0.02836,,
0.09132,,
0.02417,,
0.02664,,
0.05944,,
0.02533,,
0.03678,,
0.04461,,
0.02992,,
0.02109,,
0.02017,,
0.02087,,
0.02056,,
0.02048,,
0.02342,,
0.02075,,
0.02102,,
0.02054,,
0.02812,,
0.15027,,
0.13699,,
0.02418,,
0.02008,,
0.02494,,
0.02372,,
0.02372,,
0.02406,,
0.0246,,
0.02354,,
0.03071,,
0.02401,,
0.02451,,
0.02139,,
0.02785,,
0.02279,,
0.02532,,
0.02424,,
0.029,,
0.03158,,
0.02286,,
0.02145,,
0.02707,,
0.02048,,
0.02788,,
0.12312,,
0.18444,,
0.02385,,
0.02402,,
0.0295,,
0.02237,,
0.02056,,
0.0193,,
0.07438,,
0.0593,,
0.31453,,
0.07207,,
0.07392,,
0.06911,,
0.07452,,
0.03068,,
0.07255,,
0.0509,,
0.05076,,
0.16878,,
0.035,,
0.1456,,
0.08131,,
0.08579,,
0.10194,,
0.09001,,
0.10138,,
0.08157,,
0.09889,,
0.0823,,
0.021,,
0.02859,,
0.10955,,
0.04983,,
0.01992,,
0.02939,,
0.08126,,
0.07046,,
0.07295,,
0.07806,,
0.04135,,
0.02724,,
0.02803,,
0.03821,,
0.07738,,
0.09452,,
0.02786,,
0.03169,,
0.02443,,
0.02627,,
0.02749,,
0.0247,,
0.02788,,
0.03352,,
0.03637,,
0.1698,,
0.3417,,
0.02593,,
0.02914,,
0.02223,,
0.01937,,
0.01883,,
0.01867,,
0.01989,,
0.02155,,
0.01992,,
0.0256,,
0.02725,,
0.02454,,
0.02735,,
0.02219,,
0.02632,,
0.02795,,
0.02604,,
0.03135,,
0.02405,,
0.02824,,
0.02746,,
0.17636,,
0.77865,,
0.03061,,
0.02883,,
0.02878,,
0.04432,,
0.02762,,
0.03089,,
0.02177,,
0.02242,,
0.03541,,
0.02967,,
0.03262,,
0.10931,,
0.02792,,
0.03568,,
0.05664,,
0.07639,,
0.03595,,
0.11427,,
0.02252,,
0.12087,,
0.05554,,
0.02381,,
0.11208,,
0.16838,,
0.13895,,
0.0305,,
0.03167,,
0.14976,,
0.03175,,
0.03389,,
0.03225,,
0.04307,,
0.17711,,
0.17256,,
0.07143,,
1.08344,,
0.0657,,
0.07997,,
0.06945,,
0.06555,,
0.22902,,
0.04933,,
0.02783,,
0.02911,,
0.02954,,
0.02641,,
0.0277,,
0.03016,,
0.02965,,
0.02892,,
0.03049,,
0.06043,,
0.47732,,
0.02139,,
0.0295,,
0.02534,,
0.02679,,
0.02779,,
0.0263,,
0.02574,,
0.02518,,
0.02677,,
0.02539,,
0.02276,,
0.02612,,
0.02758,,
0.02023,,
0.02042,,
0.02207,,
0.04146,,
0.47021,,
0.02609,,
0.03238,,
0.03656,,
0.06075,,
0.12159,,
0.02603,,
0.0283,,
0.02931,,
0.02746,,
0.02916,,
0.02991,,
0.02617,,
0.02636,,
0.0306,,
0.02996,,
0.04903,,
0.03632,,
0.02878,,
0.03062,,
0.02707,,
0.02788,,
0.02717,,
0.02486,,
0.16191,,
0.03233,,
0.04544,,
0.03288,,
0.0276,,
0.15274,,
1.61588,,
0.0365,,
0.02352,,
0.0246,,
0.02504,,
0.0244,,
0.02747,,
0.02412,,
0.02533,,
0.02675,,
0.02707,,
0.02754,,
0.02869,,
0.02575,,
0.03023,,
0.03311,,
0.03617,,
0.25111,,
4.33809,,
0.05813,,
0.06833,,
0.0623,,
0.06134,,
0.06229,,
0.06277,,
0.06185,,
0.07266,,
0.04675,,
0.02159,,
0.02642,,
0.02118,,
0.02529,,
0.02284,,
0.02599,,
0.03011,,
0.04575,,
0.40086,,
0.02739,,
0.02401,,
0.02026,,
0.03321,,
0.03877,,
0.03789,,
0.02586,,
0.02123,,
0.02183,,
0.02065,,
0.02089,,
0.0207,,
0.03065,,
0.08956,,
0.10767,,
0.13529,,
2.8998,,
0.032,,
0.03259,,
0.03217,,
0.08263,,
0.07624,,
0.06236,,
0.07407,,
0.1304,,
0.49631,,
0.03276,,
0.49229,,
0.05099,,
0.06146,,
0.06137,,
0.0611,,
0.06021,,
0.12809,,
7.32806,,
0.04006,,
0.03119,,
0.02445,,
0.02646,,
0.04824,,
0.05497,,
0.02632,,
0.02433,,
0.02465,,
0.02832,,
0.01937,,
0.0231,,
0.0607,,
0.029,,
0.02979,,
0.0197,,
0.02132,,
0.02084,,
0.0235,,
0.0384,,
0.30361,,
0.01806,,
0.01892,,
0.02117,,
0.01762,,
0.02051,,
0.02031,,
0.02842,,
0.02697,,
0.02278,,
0.01869,,
0.02646,,
0.02576,,
0.02583,,
0.02678,,
0.02088,,
0.02207,,
0.05589,,
0.14762,,
0.0457,,
0.01973,,
0.03147,,
0.02431,,
0.02745,,
0.05804,,
0.02436,,
0.02954,,
0.02565,,
0.02847,,
0.02616,,
0.03319,,
0.04006,,
0.02917,,
0.03029,,
0.04745,,
0.04962,,
0.02669,,
0.05139,,
0.02236,,
0.04017,,
0.04588,,
0.06768,,
0.08082,,
0.03133,,
0.02287,,
0.02937,,
0.03465,,
0.02547,,
0.02623,,
0.02555,,
0.02998,,
0.0296,,
0.02947,,
0.03506,,
0.02716,,
0.02466,,
0.02795,,
0.03387,,
0.13413,,
0.02752,,
0.02369,,
0.03178,,
0.04838,,
0.02895,,
0.03177,,
0.02622,,
0.0324,,
0.04577,,
0.02588,,
0.02961,,
0.04841,,
0.05511,,
0.03135,,
0.03873,,
0.0363,,
0.23445,,
0.04171,,
0.03312,,
0.02768,,
0.02912,,
0.0446,,
0.04222,,
0.03306,,
0.03304,,
0.06716,,
0.0299,,
0.03432,,
0.06023,,
0.05731,,
0.03202,,
0.07243,,
0.02956,,
0.03433,,
0.08779,,
0.04161,,
0.06015,,
0.04213,,
0.02658,,
0.02668,,
0.0768,,
0.0272,,
0.02915,,
0.0251,,
0.03251,,
0.02814,,
0.0267,,
0.02881,,
0.02711,,
0.02703,,
0.0245,,
0.02659,,
0.0729,,
0.02905,,
0.03609,,
0.03154,,
0.07313,,
0.0563,,
0.04232,,
0.04739,,
0.05145,,
0.02427,,
0.02333,,
0.02695,,
0.072,,
0.08525,,
0.0231,,
0.02045,,
0.02085,,
0.0241,,
0.07055,,
0.07549,,
0.08348,,
0.0207,,
0.07636,,
0.0257,,
0.0239,,
0.02039,,
0.02152,,
0.02473,,
0.02378,,
0.02484,,
0.02449,,
0.02574,,
0.02033,,
0.02224,,
0.02865,,
0.04449,,
0.12969,,
0.02826,,
0.02864,,
0.02784,,
0.02263,,
0.02925,,
0.04042,,
0.34357,,
0.03184,,
0.03736,,
0.06261,,
0.02519,,
0.0226,,
0.02477,,
0.02483,,
0.02745,,
0.02604,,
0.02772,,
0.02506,,
0.02175,,
0.02201,,
0.0213,,
0.028,,
0.02104,,
0.0265,,
0.02903,,
0.0342,,
0.3415,,
0.04239,,
0.03761,,
0.02816,,
0.02533,,
0.02839,,
0.03589,,
0.0292,,
0.02853,,
0.02821,,
0.02885,,
0.02884,,
0.02916,,
0.0268,,
0.02979,,
0.02888,,
0.03229,,
0.08285,,
0.14473,,
0.02672,,
0.0347,,
0.02673,,
0.02516,,
0.02028,,
0.02142,,
0.02596,,
0.04424,,
0.09916,,
0.03223,,
0.02251,,
0.03283,,
0.02601,,
0.02273,,
0.02433,,
0.02202,,
0.03281,,
0.17168,,
0.01953,,
0.023,,
0.02065,,
0.0198,,
0.01962,,
0.02107,,
0.02032,,
0.02329,,
0.02382,,
0.02372,,
0.01971,,
0.02093,,
0.02948,,
0.02655,,
0.04572,,
0.06377,,
0.29549,,
0.02036,,
0.01953,,
0.0209,,
0.022,,
0.02483,,
0.02221,,
0.02203,,
0.02125,,
0.02998,,
0.02253,,
0.26099,,
0.02722,,
0.02878,,
0.03057,,
0.0519,,
0.02691,,
0.08704,,
0.12042,,
0.02798,,
0.0215,,
0.02039,,
0.02478,,
0.02715,,
0.02325,,
0.03361,,
0.02378,,
0.0277,,
0.03084,,
0.04752,,
0.02201,,
0.0296,,
0.02724,,
0.02745,,
0.04779,,
0.04983,,
0.03391,,
0.02589,,
0.02842,,
0.03084,,
0.07052,,
0.0312,,
0.03618,,
0.03141,,
0.02716,,
0.0261,,
0.02721,,
0.02378,,
0.02498,,
0.0332,,
0.02102,,
0.02045,,
0.02526,,
0.04122,,
0.02421,,
0.02647,,
0.02631,,
0.02399,,
0.02404,,
0.03064,,
0.02947,,
0.02469,,
0.02921,,
0.05974,,
0.03163,,
0.0591,,
0.06142,,
0.02793,,
0.02788,,
0.02208,,
0.02698,,
0.02782,,
0.03001,,
0.03278,,
0.02888,,
0.0307,,
0.028,,
0.0257,,
0.02525,,
0.02345,,
0.02364,,
0.03311,,
0.03023,,
0.02703,,
0.0243,,
0.02853,,
0.02502,,
0.02745,,
0.03066,,
0.02854,,
0.02594,,
0.02757,,
0.03128,,
0.03053,,
0.03125,,
0.02888,,
0.02855,,
0.02857,,
0.02839,,
0.02984,,
0.02531,,
0.02367,,
0.03395,,
0.03154,,
0.02327,,
0.02017,,
0.02831,,
0.06542,,
0.04116,,
0.02689,,
0.02147,,
0.0251,,
0.0298,,
0.02932,,
0.02466,,
0.02578,,
0.05684,,
0.02912,,
0.02322,,
0.02786,,
0.02859,,
0.02912,,
0.02466,,
0.02768,,
0.04599,,
0.03062,,
0.05647,,
0.03008,,
0.04818,,
0.03915,,
0.02924,,
0.03701,,
0.08756,,
0.02538,,
0.02981,,
0.08424,,
0.03093,,
0.02929,,
0.05927,,
0.03565,,
0.07837,,
0.07136,,
0.04878,,
0.03632,,
0.02023,,
0.02658,,
0.05035,,
0.03462,,
0.03065,,
0.02634,,
0.02044,,
0.03011,,
0.02323,,
0.02527,,
0.02746,,
0.02938,,
0.02173,,
0.02542,,
0.0425,,
0.02555,,
0.02345,,
0.02677,,
0.02639,,
0.02683,,
0.04825,,
0.03176,,
0.02813,,
0.03925,,
0.02435,,
0.02299,,
0.02043,,
0.01943,,
0.02414,,
0.02995,,
0.03298,,
0.02066,,
0.02245,,
0.01994,,
0.0265,,
0.03009,,
0.02743,,
0.02692,,
0.16684,,
0.03518,,
0.36517,,
0.02954,,
0.0283,,
0.02821,,
0.02837,,
0.03286,,
0.0338,,
0.03263,,
0.03213,,
0.02557,,
0.02227,,
0.02049,,
0.02101,,
0.02221,,
0.0606,,
0.033,,
0.16738,,
0.03094,,
0.03476,,
0.03227,,
0.0366,,
0.20034,,
0.74634,,
0.03493,,
0.02741,,
0.04428,,
0.03465,,
0.04291,,
0.03863,,
0.02742,,
0.03114,,
0.03071,,
0.0297,,
0.02739,,
0.02752,,
0.02907,,
0.04636,,
0.02953,,
0.03282,,
0.03457,,
0.04332,,
0.02685,,
0.0297,,
0.02852,,
0.02804,,
0.0221,,
0.02311,,
0.02814,,
0.02588,,
0.02521,,
0.02513,,
0.02756,,
0.02789,,
0.02586,,
0.02763,,
0.0278,,
0.03644,,
0.02661,,
0.02322,,
0.02697,,
0.03766,,
0.03408,,
0.04189,,
0.03056,,
0.03401,,
0.04012,,
0.03103,,
0.03071,,
0.0268,,
0.0264,,
0.02903,,
0.02581,,
0.03174,,
0.02658,,
0.03065,,
0.02936,,
0.02812,,
0.03003,,
0.02941,,
0.02035,,
0.02807,,
0.02831,,
0.02436,,
0.25689,,
0.3041,,
0.13302,,
0.02901,,
0.03994,,
0.0273,,
0.02707,,
0.02531,,
0.02402,,
0.03308,,
0.02851,,
0.02867,,
0.02366,,
0.02655,,
0.02895,,
0.04127,,
0.03537,,
0.03719,,
0.26469,,
0.02971,,
0.02254,,
0.02078,,
0.02412,,
0.02089,,
0.0216,,
0.02157,,
0.03108,,
0.02446,,
0.33885,,
0.02639,,
0.02369,,
0.04061,,
0.02912,,
0.02758,,
0.02685,,
0.03423,,
0.12442,,
0.02822,,
0.02846,,
0.02846,,
0.03351,,
0.03667,,
0.03072,,
0.02675,,
0.02671,,
0.02308,,
0.02592,,
0.04685,,
0.02947,,
0.02873,,
0.02875,,
0.02693,,
0.02757,,
0.0312,,
0.03395,,
0.03001,,
0.03112,,
0.19797,,
0.02675,,
0.02863,,
0.032,,
0.02785,,
0.02738,,
0.02721,,
0.02902,,
0.02535,,
0.02601,,
0.02519,,
0.02419,,
0.03296,,
0.0228,,
0.02637,,
0.02755,,
0.02956,,
0.02499,,
0.02725,,
0.02652,,
0.02844,,
0.02374,,
0.02076,,
0.01939,,
0.02111,,
0.02337,,
0.02079,,
0.02212,,
0.02162,,
0.01964,,
0.0311,,
0.02051,,
0.02186,,
0.02321,,
0.02019,,
0.02811,,
0.03046,,
0.01966,,
0.02988,,
0.26704,,
0.02846,,
0.0302,,
0.02532,,
0.02839,,
0.02806,,
0.02598,,
0.10362,,
0.03283,,
0.09834,,
0.13904,,
0.03618,,
0.33651,,
0.02474,,
0.02524,,
0.02788,,
0.03643,,
0.02753,,
0.03109,,
0.02296,,
0.02794,,
0.03194,,
0.02745,,
0.03128,,
0.03215,,
0.03191,,
0.03671,,
0.02048,,
0.02443,,
0.03397,,
0.03989,,
0.25357,,
0.03558,,
0.11115,,
0.14661,,
0.0659,,
0.02697,,
0.02639,,
0.03277,,
0.17734,,
0.02503,,
0.0301,,
0.13008,,
0.02012,,
0.02072,,
0.02203,,
0.02583,,
0.02566,,
0.02891,,
0.02611,,
0.02819,,
0.02848,,
0.02141,,
0.02414,,
0.02615,,
0.13741,,
0.03914,,
0.40962,,
0.02625,,
0.03235,,
0.02568,,
0.02954,,
0.03197,,
0.01996,,
0.02478,,
0.0275,,
0.02695,,
0.03262,,
0.02051,,
0.01936,,
0.01958,,
0.01993,,
0.02434,,
0.02383,,
0.02695,,
0.26795,,
0.03008,,
0.0351,,
0.03055,,
0.02773,,
0.02799,,
0.02551,,
0.02719,,
0.03061,,
0.02544,,
0.02599,,
0.0287,,
0.03,,
0.03012,,
0.03367,,
0.03032,,
0.03412,,
0.02774,,
0.02478,,
0.0331,,
0.02063,,
0.02802,,
0.02686,,
0.0262,,
0.02439,,
0.06636,,
0.03591,,
0.05106,,
0.03453,,
0.06916,,
0.02268,,
0.06014,,
0.0499,,
0.02334,,
0.02577,,
0.02605,,
0.02187,,
0.02029,,
0.02404,,
0.02559,,
0.03948,,
0.02741,,
0.02627,,
0.02642,,
0.02039,,
0.02246,,
0.02832,,
0.07579,,
0.02987,,
0.03078,,
0.02108,,
0.01983,,
0.01987,,
0.02293,,
0.03579,,
0.03359,,
0.02114,,
0.02534,,
0.03542,,
0.02895,,
0.03717,,
0.18734,,
0.03531,,
0.03595,,
0.04267,,
0.0584,,
0.35844,,
0.30578,,
0.02094,,
0.03015,,
0.02998,,
0.02182,,
0.02782,,
0.02127,,
0.07018,,
0.02776,,
0.02954,,
0.02837,,
0.04808,,
0.02765,,
0.06035,,
0.03173,,
0.02846,,
0.02858,,
0.03386,,
0.05991,,
0.03261,,
0.02728,,
0.03605,,
0.02945,,
0.13282,,
0.2653,,
0.02627,,
0.03091,,
0.04225,,
0.02968,,
0.02862,,
0.0284,,
0.02938,,
0.032,,
0.04646,,
0.04956,,
0.02894,,
0.02858,,
0.02821,,
0.02871,,
0.0281,,
0.03076,,
0.02676,,
0.03171,,
0.02773,,
0.02791,,
0.03458,,
0.02889,,
0.03884,,
0.08848,,
0.03002,,
0.02594,,
0.02916,,
0.02139,,
0.02204,,
0.02333,,
0.02564,,
0.03118,,
0.04219,,
0.14526,,
0.14682,,
0.0518,,
0.02972,,
0.02761,,
0.03701,,
0.02522,,
0.03647,,
0.02967,,
0.03592,,
0.02828,,
0.03609,,
0.0323,,
0.05697,,
0.11965,,
0.1203,,
0.02785,,
0.02415,,
0.02231,,
0.02154,,
0.02527,,
0.03023,,
0.02315,,
0.03186,,
0.02243,,
0.02351,,
0.02298,,
0.02333,,
0.02506,,
0.02248,,
0.03329,,
0.03251,,
0.07191,,
0.04338,,
0.0302,,
0.03056,,
0.04297,,
0.06607,,
0.46681,,
0.03087,,
0.02807,,
0.03197,,
0.05259,,
0.18045,,
0.07692,,
0.02024,,
0.01988,,
0.02103,,
0.02174,,
0.0199,,
0.02385,,
0.02158,,
0.02508,,
0.02418,,
0.02215,,
0.03631,,
0.65454,,
0.0268,,
0.02742,,
0.04307,,
0.02567,,
0.02795,,
0.02874,,
0.03093,,
0.02615,,
0.0272,,
0.02197,,
0.0265,,
0.09823,,
0.02955,,
0.03122,,
0.03898,,
0.02754,,
0.03268,,
0.03602,,
0.03794,,
0.02115,,
0.02536,,
0.02441,,
0.02528,,
0.0239,,
0.02056,,
0.046,,
0.03039,,
0.02592,,
0.02488,,
0.02606,,
0.03169,,
0.02641,,
0.02428,,
0.02578,,
0.02444,,
0.03299,,
0.03081,,
0.02589,,
0.01956,,
0.02126,,
0.02685,,
0.03258,,
0.02629,,
0.02601,,
0.02764,,
0.02154,,
0.03373,,
0.10675,,
0.01844,,
0.01882,,
0.01752,,
0.02147,,
0.01796,,
0.0216,,
0.01802,,
0.02509,,
0.02166,,
0.01839,,
0.02072,,
0.01856,,
0.01768,,
0.01777,,
0.01894,,
0.01863,,
0.02421,,
0.0772,,
0.01804,,
0.02136,,
0.02166,,
0.01791,,
0.02159,,
0.02758,,
0.05915,,
0.06986,,
0.02782,,
0.03031,,
0.0356,,
0.02788,,
0.02368,,
0.02686,,
0.03446,,
0.06015,,
0.02268,,
0.02049,,
0.02064,,
0.01964,,
0.0204,,
0.02223,,
0.03064,,
0.08311,,
0.05772,,
0.02796,,
0.03646,,
0.02096,,
0.02585,,
0.0208,,
0.03812,,
0.02368,,
0.02733,,
0.03328,,
0.03875,,
0.02586,,
0.02787,,
0.02398,,
0.02416,,
0.35252,,
0.04945,,
0.06646,,
0.03173,,
0.02384,,
0.02469,,
0.02691,,
0.04812,,
0.04014,,
0.01941,,
0.01957,,
0.021,,
0.027,,
0.23701,,
0.0332,,
0.02322,,
0.03674,,
0.08745,,
0.02117,,
0.02227,,
0.02014,,
0.02562,,
0.02348,,
0.02151,,
0.02519,,
0.02181,,
0.03351,,
0.21227,,
0.02394,,
0.03652,,
0.03958,,
0.02669,,
0.027,,
0.03001,,
0.02795,,
0.02721,,
0.03057,,
0.02699,,
0.0259,,
0.02559,,
0.02024,,
0.02584,,
0.03016,,
0.0253,,
0.0329,,
0.21734,,
0.0216,,
0.02211,,
0.02279,,
0.04074,,
0.02466,,
0.02439,,
0.04704,,
0.03363,,
0.05256,,
0.05257,,
0.02162,,
0.02232,,
0.0229,,
0.02514,,
0.03247,,
0.04034,,
0.0613,,
0.04578,,
0.0289,,
0.02006,,
0.02611,,
0.02903,,
0.02601,,
0.03624,,
0.02042,,
0.02399,,
0.02191,,
0.02182,,
0.02304,,
0.02363,,
0.02212,,
0.02223,,
0.13764,,
0.02132,,
0.02992,,
0.02233,,
0.02621,,
0.07084,,
4.41328,,
0.05819,,
0.0589,,
0.06344,,
0.02686,,
0.02887,,
0.03838,,
0.17873,,
0.27198,,
0.05097,,
0.06204,,
0.04268,,
0.05906,,
0.06586,,
0.03151,,
0.03658,,
0.03343,,
0.04446,,
0.12174,,
0.10769,,
0.1535,,
0.04126,,
0.05203,,
0.03637,,
0.03733,,
0.03488,,
0.03059,,
0.02659,,
0.03177,,
0.04037,,
0.06953,,
0.0829,,
0.12015,,
0.15316,,
0.04735,,
0.05921,,
0.02183,,
0.02694,,
0.04401,,
0.02868,,
0.0675,,
0.09631,,
0.05241,,
0.03578,,
0.20997,,
0.02263,,
0.02316,,
0.0224,,
0.02127,,
0.02127,,
0.01993,,
0.02296,,
0.01874,,
0.02034,,
0.02056,,
0.02741,,
0.02134,,
0.02234,,
0.02139,,
0.02081,,
0.02109,,
0.03326,,
0.0286,,
0.0222,,
0.02554,,
0.02142,,
0.02193,,
0.02847,,
0.07074,,
0.03676,,
0.02255,,
0.02782,,
0.0301,,
0.06665,,
5.19126,,
0.02287,,
0.02708,,
0.03269,,
0.02201,,
0.0319,,
0.02551,,
0.02913,,
0.02994,,
0.0241,,
0.02252,,
0.02172,,
0.02392,,
0.02424,,
0.02335,,
0.02704,,
0.02853,,
0.02194,,
0.02298,,
0.02226,,
0.02249,,
0.02177,,
0.02147,,
0.02304,,
0.02105,,
0.0445,,
0.02966,,
0.02764,,
0.02554,,
0.02339,,
0.02464,,
0.02606,,
0.02882,,
0.02074,,
0.02455,,
0.02036,,
0.02764,,
0.02813,,
0.03023,,
0.02773,,
0.02874,,
0.02683,,
0.02543,,
0.02596,,
0.03009,,
0.08071,,
0.03798,,
0.02596,,
0.02849,,
0.02821,,
0.03113,,
0.02405,,
0.02183,,
0.02126,,
0.02104,,
0.02364,,
0.03103,,
0.02278,,
0.03154,,
0.10058,,
0.22396,,
0.02075,,
0.0208,,
0.02046,,
0.02089,,
0.0222,,
0.0209,,
0.01979,,
0.0196,,
0.02092,,
0.02776,,
0.02413,,
0.02174,,
0.0222,,
0.03384,,
0.248,,
0.03449,,
0.13846,,
0.94295,,
0.02023,,
0.02054,,
0.02167,,
0.02393,,
0.02235,,
0.02234,,
0.02128,,
0.02375,,
0.01952,,
0.0242,,
0.02766,,
0.03294,,
0.02059,,
0.02923,,
0.03687,,
0.02415,,
0.02765,,
0.02505,,
0.02469,,
0.02522,,
0.02545,,
0.02408,,
0.02323,,
0.02376,,
0.02551,,
0.02586,,
0.02662,,
0.02752,,
0.02551,,
0.03214,,
0.05877,,
0.07697,,
0.03247,,
0.02799,,
0.02782,,
0.02969,,
0.02749,,
0.02824,,
0.03098,,
0.061,,
0.02865,,
0.04909,,
0.03959,,
0.05748,,
0.05299,,
0.02533,,
0.02794,,
0.0317,,
0.0226,,
0.02736,,
0.06921,,
0.11773,,
0.02645,,
0.02957,,
0.02799,,
0.02678,,
0.02745,,
0.02655,,
0.03093,,
0.04881,,
0.02932,,
0.02681,,
0.0269,,
0.03102,,
0.02939,,
0.02734,,
0.02816,,
0.03796,,
0.08868,,
0.14064,,
0.02984,,
0.02632,,
0.03062,,
0.02979,,
0.02834,,
0.02665,,
0.02675,,
0.02127,,
0.02764,,
0.02642,,
0.05241,,
0.02689,,
0.03302,,
0.02834,,
0.02746,,
0.02269,,
0.06279,,
0.044,,
0.0358,,
0.04075,,
0.02801,,
0.02885,,
0.02721,,
0.02861,,
0.02814,,
0.02701,,
0.02733,,
0.02678,,
0.02782,,
0.02643,,
0.02416,,
0.02526,,
0.02389,,
0.03468,,
0.02823,,
0.02687,,
0.02763,,
0.02727,,
0.02869,,
0.03191,,
0.03229,,
0.06631,,
0.04153,,
0.04369,,
0.02137,,
0.02109,,
0.02188,,
0.02044,,
0.02197,,
0.02583,,
0.2,,
0.10429,,
0.02013,,
0.02455,,
0.01979,,
0.02992,,
0.02289,,
0.02015,,
0.02435,,
0.03304,,
0.02496,,
0.0196,,
0.02459,,
0.33888,,
0.36691,,
0.02104,,
0.02102,,
0.02173,,
0.02134,,
0.02676,,
0.0258,,
0.0225,,
0.02421,,
0.03132,,
0.02149,,
0.02937,,
0.04108,,
0.04487,,
0.03435,,
0.0598,,
0.05613,,
0.32619,,
1.26054,,
0.23801,,
0.47132,,
0.02558,,
0.024,,
0.02554,,
0.02298,,
0.02947,,
0.02862,,
0.02611,,
0.02161,,
0.04156,,
0.02634,,
0.02857,,
0.02963,,
0.02875,,
0.03352,,
0.08819,,
0.17321,,
0.02528,,
0.0341,,
0.03052,,
0.02138,,
0.03113,,
0.02479,,
0.03125,,
0.02592,,
0.02842,,
0.02664,,
0.05363,,
0.02141,,
0.0311,,
0.02784,,
0.0286,,
0.02798,,
0.03218,,
0.05263,,
0.03603,,
0.02842,,
0.03054,,
0.02853,,
0.03015,,
0.02796,,
0.02865,,
0.02977,,
0.04338,,
0.02678,,
0.05961,,
0.02772,,
0.03022,,
0.08364,,
0.10551,,
0.02712,,
0.03263,,
0.02939,,
0.03012,,
0.0305,,
0.03137,,
0.05228,,
0.02743,,
0.02823,,
0.02784,,
0.03331,,
0.02628,,
0.02814,,
0.02796,,
0.0286,,
0.03213,,
0.03683,,
0.03544,,
0.02332,,
0.02853,,
0.03002,,
0.03381,,
0.02618,,
0.03035,,
0.02708,,
0.02655,,
0.02798,,
0.02417,,
0.02538,,
0.02923,,
0.02175,,
0.0287,,
0.02695,,
0.03011,,
0.02604,,
0.05141,,
0.03157,,
0.02671,,
0.03506,,
0.02959,,
0.02419,,
0.02601,,
0.02545,,
0.02619,,
0.03914,,
0.02813,,
0.03786,,
0.03094,,
0.03229,,
0.02329,,
0.03084,,
0.06159,,
0.0388,,
0.03744,,
0.02068,,
0.02767,,
0.02628,,
0.02877,,
0.03286,,
0.02441,,
0.02711,,
0.02788,,
0.03409,,
0.02839,,
0.0292,,
0.02903,,
0.06025,,
0.04204,,
0.02282,,
0.02175,,
0.02765,,
0.02778,,
0.02636,,
0.02326,,
0.03322,,
0.02599,,
0.02538,,
0.02159,,
0.03338,,
0.02425,,
0.02744,,
0.01972,,
0.02186,,
0.03521,,
0.02781,,
0.02592,,
0.02068,,
0.02461,,
0.03072,,
0.02894,,
0.02116,,
0.03253,,
0.02914,,
0.03001,,
0.03048,,
0.02921,,
0.02797,,
0.02823,,
0.03073,,
0.02747,,
0.0265,,
0.03173,,
0.03674,,
0.09838,,
0.02789,,
0.0637,,
0.02578,,
0.02178,,
0.02189,,
0.02174,,
0.03479,,
0.02778,,
0.02027,,
0.02919,,
0.02597,,
0.02235,,
0.02522,,
0.02138,,
0.02418,,
0.02476,,
0.02128,,
0.02432,,
0.1345,,
0.13956,,
0.02018,,
0.02062,,
0.01993,,
0.0193,,
0.02098,,
0.0219,,
0.02295,,
0.02619,,
0.02956,,
0.03066,,
0.02082,,
0.02122,,
0.02547,,
0.02191,,
0.02446,,
0.02598,,
0.02117,,
0.02134,,
0.02062,,
0.02321,,
0.0363,,
0.46645,,
0.02592,,
0.03351,,
0.02532,,
0.02882,,
0.02599,,
0.02588,,
0.02725,,
0.03158,,
0.02073,,
0.01981,,
0.01961,,
0.02196,,
0.02881,,
0.02171,,
0.02072,,
0.02513,,
0.04289,,
0.29139,,
0.02044,,
0.02154,,
0.07868,,
0.02955,,
0.03285,,
0.06182,,
0.02641,,
0.02318,,
0.02286,,
0.01939,,
0.02395,,
0.0199,,
0.02419,,
0.02092,,
0.01948,,
0.02098,,
0.03379,,
0.42985,,
0.01957,,
0.02017,,
0.01998,,
0.0199,,
0.02017,,
0.0216,,
0.13325,,
0.0207,,
0.02002,,
0.02294,,
0.02937,,
0.02313,,
0.02063,,
0.02753,,
0.02333,,
0.0883,,
0.45462,,
0.02332,,
0.02081,,
0.02024,,
0.02053,,
0.02124,,
0.0206,,
0.02343,,
0.02366,,
0.02452,,
0.02115,,
0.02917,,
0.0216,,
0.02553,,
0.025,,
0.02128,,
0.02298,,
0.03812,,
0.31711,,
0.01984,,
0.02037,,
0.02015,,
0.02268,,
0.02251,,
0.02596,,
0.03031,,
0.36194,,
0.03116,,
0.06289,,
0.04974,,
0.03218,,
0.02665,,
0.02838,,
0.05344,,
0.04136,,
0.05381,,
0.04537,,
0.05384,,
0.04732,,
0.03054,,
0.03315,,
0.02328,,
0.03263,,
0.02088,,
0.03209,,
0.02868,,
0.02628,,
0.02344,,
0.02403,,
0.02857,,
0.02288,,
0.02339,,
0.02763,,
0.02791,,
0.06709,,
0.03223,,
0.03915,,
0.03162,,
0.02559,,
0.02208,,
0.03001,,
0.03796,,
0.02968,,
0.03176,,
0.02563,,
0.02288,,
0.02201,,
0.02435,,
0.02282,,
0.02613,,
0.02923,,
0.02761,,
0.02381,,
0.02536,,
0.02648,,
0.03019,,
0.02648,,
0.02247,,
0.02377,,
0.02504,,
0.02964,,
0.03281,,
0.02261,,
0.02792,,
0.03076,,
0.02573,,
0.02863,,
0.03395,,
0.02795,,
0.0246,,
0.02195,,
0.03149,,
0.02488,,
0.02526,,
0.03375,,
0.02115,,
0.0288,,
0.02988,,
0.02695,,
0.02476,,
0.02387,,
0.0255,,
0.02869,,
0.024,,
0.02591,,
0.0249,,
0.02535,,
0.03384,,
0.0262,,
0.03856,,
0.02782,,
0.03256,,
0.02021,,
0.02315,,
0.02796,,
0.02768,,
0.03005,,
0.0375,,
0.02663,,
0.02649,,
0.02649,,
0.02538,,
0.02524,,
0.03173,,
0.02017,,
0.0198,,
0.02476,,
0.02821,,
0.04522,,
0.02374,,
0.03459,,
0.01986,,
0.02441,,
0.02722,,
0.02878,,
0.02347,,
0.05202,,
0.03002,,
0.0552,,
0.0271,,
0.02851,,
0.03364,,
0.02864,,
0.01955,,
0.0209,,
0.02566,,
0.02647,,
0.029,,
0.02959,,
0.03708,,
0.02803,,
0.03034,,
0.03723,,
0.10351,,
0.04406,,
0.04108,,
0.16255,,
0.03308,,
0.02479,,
0.02746,,
0.0355,,
0.02591,,
0.02889,,
0.04889,,
0.15153,,
0.02409,,
0.02535,,
0.01947,,
0.02187,,
0.02219,,
0.02,,
0.02041,,
0.0226,,
0.0274,,
0.02745,,
0.02283,,
0.02345,,
0.02557,,
0.03206,,
0.03705,,
0.03279,,
0.44141,,
0.06257,,
0.03492,,
0.13452,,
0.02208,,
0.02141,,
0.03005,,
0.02897,,
0.02423,,
0.02623,,
0.04459,,
0.046,,
0.03221,,
0.02893,,
0.01981,,
0.02163,,
0.02219,,
0.0326,,
0.56102,,
0.02832,,
0.0262,,
0.02957,,
0.02998,,
0.02642,,
0.02993,,
0.02409,,
0.02129,,
0.02499,,
0.03074,,
0.02582,,
0.03338,,
0.02075,,
0.02811,,
0.02197,,
0.02504,,
0.02308,,
0.02237,,
0.02669,,
0.03195,,
0.02013,,
0.02493,,
0.02158,,
0.03232,,
0.44784,,
0.02322,,
0.02598,,
0.03226,,
0.03033,,
0.02314,,
0.02692,,
0.02869,,
0.03211,,
0.02861,,
0.02561,,
0.02392,,
0.02605,,
0.02643,,
0.03278,,
0.03493,,
0.02249,,
0.09219,,
0.38426,,
0.02012,,
0.02065,,
0.02195,,
0.02194,,
0.02611,,
0.01967,,
0.01936,,
0.02059,,
0.02155,,
0.02081,,
0.02039,,
0.0331,,
0.02313,,
0.02338,,
0.02257,,
0.0351,,
0.97649,,
0.02341,,
0.03128,,
0.0392,,
0.02385,,
0.02347,,
0.02615,,
0.02887,,
0.02784,,
0.03091,,
0.05499,,
0.04437,,
0.03352,,
0.03362,,
0.21219,,
0.02231,,
0.02593,,
0.10517,,
0.27559,,
0.06707,,
0.07715,,
0.03277,,
0.02566,,
0.02677,,
0.03444,,
0.02807,,
0.02502,,
0.02545,,
0.02835,,
0.02749,,
0.03032,,
0.02489,,
0.0271,,
0.02721,,
0.05939,,
0.15268,,
0.04474,,
0.02681,,
0.02362,,
0.02589,,
0.02354,,
0.02664,,
0.03657,,
0.02661,,
0.028,,
0.03676,,
0.02592,,
0.03558,,
0.02463,,
0.02365,,
0.0224,,
0.02638,,
0.02408,,
0.0218,,
0.02045,,
0.0282,,
0.04911,,
0.03491,,
0.03345,,
0.03218,,
0.02806,,
0.03315,,
0.02555,,
0.03452,,
0.02889,,
0.03102,,
0.0446,,
0.02854,,
0.03235,,
0.03842,,
0.02797,,
0.02444,,
0.02766,,
0.03027,,
0.03061,,
0.02284,,
0.02305,,
0.0222,,
0.03134,,
0.03271,,
0.02239,,
0.02782,,
0.02757,,
0.02601,,
0.0223,,
0.02554,,
0.03884,,
0.03115,,
0.02833,,
0.03047,,
0.04162,,
0.03038,,
0.08123,,
0.11936,,
0.25868,,
0.02327,,
0.02319,,
0.0309,,
0.02426,,
0.02491,,
0.03355,,
0.02503,,
0.02444,,
0.02287,,
0.02408,,
0.03148,,
0.02381,,
0.05888,,
0.06935,,
0.09474,,
0.0618,,
0.02678,,
0.02934,,
0.02724,,
0.03039,,
0.02488,,
0.02334,,
0.02801,,
0.0239,,
0.02298,,
0.02241,,
0.02487,,
0.02399,,
0.02578,,
0.04353,,
0.02892,,
0.04197,,
0.02717,,
0.02997,,
0.03051,,
0.0368,,
0.29568,,
0.09653,,
0.42529,,
0.01964,,
0.02022,,
0.0248,,
0.02044,,
0.01984,,
0.0207,,
0.02211,,
0.02664,,
0.1516,,
0.38659,,
0.05329,,
0.06704,,
0.02573,,
0.03043,,
0.0264,,
0.07681,,
0.09064,,
0.05701,,
0.04493,,
0.10681,,
0.02807,,
0.02415,,
0.0244,,
0.01972,,
0.02085,,
0.02079,,
0.02182,,
0.02708,,
0.02579,,
0.03029,,
0.02513,,
0.02568,,
0.02703,,
0.02555,,
0.02007,,
0.02691,,
0.03485,,
0.0779,,
0.02491,,
0.03267,,
0.02814,,
0.024,,
0.02382,,
0.02483,,
0.03055,,
0.03053,,
0.02328,,
0.0243,,
0.0333,,
0.02274,,
0.02989,,
0.02148,,
0.02431,,
0.02758,,
0.05781,,
0.04925,,
0.02741,,
0.02422,,
0.02747,,
0.08812,,
0.03563,,
0.02908,,
0.03407,,
0.02419,,
0.0203,,
0.0244,,
0.03258,,
0.02579,,
0.02269,,
0.01949,,
0.02338,,
0.0296,,
0.02548,,
0.02337,,
0.0261,,
0.02458,,
0.02779,,
0.02134,,
0.0198,,
0.02448,,
0.02851,,
0.02306,,
0.02787,,
0.02191,,
0.02207,,
0.03079,,
0.02637,,
0.02717,,
0.03439,,
0.02951,,
0.03363,,
0.02695,,
0.02808,,
0.02118,,
0.02819,,
0.02763,,
0.03053,,
0.023,,
0.02126,,
0.04135,,
0.02805,,
0.03416,,
0.0229,,
0.02412,,
0.02672,,
0.0258,,
0.02818,,
0.23887,,
0.04981,,
0.02957,,
0.02865,,
0.02767,,
0.03271,,
0.09806,,
0.15792,,
0.02011,,
0.02039,,
0.02389,,
0.02536,,
0.03515,,
0.02688,,
0.02801,,
0.02984,,
0.03134,,
0.02725,,
0.02884,,
0.04889,,
0.02197,,
0.03385,,
0.18933,,
0.34147,,
0.21528,,
0.24722,,
0.02487,,
0.03423,,
0.02443,,
0.01926,,
0.01995,,
0.01872,,
0.01973,,
0.02195,,
0.02006,,
0.0229,,
0.01989,,
0.02253,,
0.02516,,
0.02776,,
0.02281,,
0.02121,,
0.0244,,
0.02886,,
0.02347,,
0.02062,,
0.02445,,
0.02751,,
0.02609,,
0.02376,,
0.02243,,
0.01998,,
0.01999,,
0.02028,,
0.022,,
0.02055,,
0.02021,,
0.02091,,
0.01976,,
0.02042,,
0.01947,,
0.02124,,
0.0283,,
0.02356,,
0.0238,,
0.02822,,
0.02961,,
0.02877,,
0.02496,,
0.02105,,
0.02352,,
0.03254,,
0.02085,,
0.02178,,
0.02984,,
0.08197,,
2.9718,,
0.02949,,
0.05857,,
0.05539,,
0.04038,,
0.02509,,
0.03096,,
0.02719,,
0.02295,,
0.02003,,
0.02117,,
0.02283,,
0.02179,,
0.01994,,
0.03089,,
0.03206,,
0.06655,,
0.5911,,
0.01945,,
0.02091,,
0.02137,,
0.02881,,
0.02198,,
0.02487,,
0.02162,,
0.02185,,
0.02119,,
0.02077,,
0.02116,,
0.02803,,
0.03321,,
0.0415,,
0.02686,,
0.03061,,
0.03317,,
0.16546,,
0.52123,,
0.03812,,
0.18916,,
0.03824,,
0.02186,,
0.03142,,
0.03099,,
0.05788,,
0.05772,,
0.08469,,
0.07454,,
0.0873,,
0.14469,,
0.06746,,
0.04559,,
0.10738,,
0.10679,,
1.4912,,
0.10087,,
0.05214,,
0.02651,,
0.02798,,
0.02542,,
0.03284,,
0.02846,,
0.18297,,
0.05463,,
0.0226,,
0.04391,,
0.02171,,
0.02105,,
0.02102,,
0.02277,,
0.05801,,
0.02497,,
0.01985,,
0.02028,,
0.02,,
0.02067,,
0.01958,,
0.02219,,
0.0197,,
0.02285,,
0.01934,,
0.01989,,
0.02033,,
0.02213,,
0.02207,,
0.02056,,
0.02015,,
0.02059,,
0.02025,,
0.02515,,
0.02731,,
0.29479,,
0.04506,,
0.03753,,
0.02258,,
0.02171,,
0.02639,,
0.02448,,
0.05841,,
2.91799,,
0.02578,,
0.02885,,
0.02734,,
0.02698,,
0.02983,,
0.02543,,
0.02577,,
0.0285,,
0.02548,,
0.02562,,
0.02301,,
0.02336,,
0.02459,,
0.24418,,
0.04044,,
0.05422,,
0.21821,,
0.11476,,
0.26728,,
0.23069,,
0.0526,,
0.06939,,
0.02293,,
0.02988,,
0.02953,,
0.04588,,
0.03596,,
0.05132,,
0.06286,,
0.03259,,
0.03358,,
0.04872,,
0.05862,,
0.08413,,
0.41752,,
0.07446,,
0.07307,,
0.09405,,
0.05094,,
0.0287,,
0.16534,,
0.3473,,
0.11602,,
0.14983,,
0.18355,,
0.1735,,
0.0195,,
0.01938,,
0.01982,,
0.02032,,
0.0276,,
0.47001,,
0.02354,,
0.027,,
0.02476,,
0.01961,,
0.02576,,
0.02006,,
0.02123,,
0.02237,,
0.03415,,
0.02202,,
0.02063,,
0.02101,,
0.02638,,
0.03543,,
0.04524,,
1.79168,,
0.05446,,
0.0756,,
0.05554,,
0.05416,,
0.05342,,
0.02879,,
0.02341,,
0.02549,,
0.02115,,
0.02051,,
0.02442,,
0.02255,,
0.0236,,
0.02071,,
0.02155,,
0.0436,,
0.74544,,
0.02928,,
0.08675,,
0.02772,,
0.02965,,
0.02173,,
0.02118,,
0.03829,,
0.02589,,
0.0226,,
0.0259,,
0.03101,,
0.02779,,
0.02296,,
0.03244,,
0.06148,,
0.02431,,
0.03371,,
0.10812,,
0.02564,,
0.02725,,
0.02927,,
0.04283,,
0.02278,,
0.03,,
0.06985,,
0.02187,,
0.02211,,
0.02204,,
0.02203,,
0.03186,,
0.07099,,
0.07841,,
0.05491,,
0.041,,
0.05428,,
0.06417,,
0.02994,,
0.03345,,
0.02471,,
0.02631,,
0.02635,,
0.02523,,
0.03015,,
0.02787,,
0.02467,,
0.02445,,
0.02762,,
0.02307,,
0.04392,,
0.60993,,
0.02048,,
0.01971,,
0.0223,,
0.07135,,
0.04087,,
0.02581,,
0.04231,,
0.04654,,
0.02482,,
0.03729,,
0.02778,,
0.02608,,
0.02671,,
0.02321,,
0.02266,,
0.03184,,
0.08995,,
0.02177,,
0.0277,,
0.02216,,
0.02882,,
0.04945,,
0.05916,,
0.02507,,
0.05556,,
0.02267,,
0.02377,,
0.01892,,
0.02795,,
0.07128,,
0.03338,,
0.06827,,
0.02992,,
0.0835,,
0.14103,,
0.07322,,
0.02015,,
0.05126,,
0.05235,,
0.02653,,
0.02435,,
0.02518,,
0.02662,,
0.02564,,
0.02458,,
0.0387,,
0.03049,,
0.02714,,
0.03599,,
0.02605,,
0.0307,,
0.07207,,
0.08208,,
0.06543,,
0.09818,,
0.07501,,
0.05498,,
0.03575,,
0.02484,,
0.03731,,
0.04314,,
0.02049,,
0.02687,,
0.03252,,
0.07769,,
0.0264,,
0.02158,,
0.02487,,
0.02546,,
0.02576,,
0.02264,,
0.02717,,
0.02655,,
0.02528,,
0.02483,,
0.02887,,
0.02169,,
0.02524,,
0.0279,,
0.02603,,
0.02788,,
0.08769,,
0.09705,,
0.0285,,
0.02557,,
0.02271,,
0.02419,,
0.02397,,
0.02437,,
0.02519,,
0.02467,,
0.02436,,
0.02826,,
0.02833,,
0.02714,,
0.02449,,
0.02584,,
0.02665,,
0.03182,,
0.09491,,
0.08872,,
0.02521,,
0.02759,,
0.02411,,
0.02046,,
0.02043,,
0.02382,,
0.02632,,
0.01882,,
0.02134,,
0.02052,,
0.02401,,
0.01912,,
0.02021,,
0.02164,,
0.04178,,
0.09672,,
0.25048,,
0.02464,,
0.02836,,
0.02806,,
0.02752,,
0.03053,,
0.02633,,
0.02533,,
0.02076,,
0.02439,,
0.03181,,
0.02405,,
0.02494,,
0.02965,,
0.01963,,
0.02098,,
0.0259,,
0.07528,,
1.05707,,
0.06996,,
0.06154,,
0.03484,,
0.04806,,
0.02582,,
0.02996,,
0.0249,,
0.02325,,
0.02984,,
0.02759,,
0.02378,,
0.02063,,
0.01906,,
0.02016,,
0.02161,,
0.02069,,
0.02194,,
0.0206,,
0.02067,,
0.02085,,
0.0205,,
0.02097,,
0.02081,,
0.02734,,
0.03256,,
0.03644,,
0.27244,,
0.02245,,
0.02358,,
0.01725,,
0.02134,,
0.02729,,
0.03107,,
0.02093,,
0.02442,,
0.02342,,
0.01979,,
0.02192,,
0.05221,,
0.05106,,
0.05099,,
0.02453,,
0.06251,,
1.09505,,
0.02112,,
0.02167,,
0.02029,,
0.02018,,
0.019,,
0.01862,,
0.01985,,
0.01862,,
0.01909,,
0.01914,,
0.02124,,
0.01947,,
0.01972,,
0.0205,,
0.02025,,
0.01991,,
0.03206,,
0.42896,,
0.02246,,
0.02318,,
0.01954,,
0.01903,,
0.01888,,
0.02393,,
0.0239,,
0.02755,,
0.02578,,
0.03028,,
0.06546,,
0.02527,,
0.03722,,
0.0282,,
0.02816,,
0.02979,,
0.03313,,
0.0736,,
0.02889,,
0.02582,,
0.02705,,
0.03356,,
0.02992,,
0.05162,,
0.05797,,
0.04133,,
0.02203,,
0.03208,,
0.03022,,
0.03683,,
0.02826,,
0.02874,,
0.02448,,
0.02014,,
0.02758,,
0.0281,,
0.0371,,
0.0327,,
0.03202,,
0.05377,,
0.05262,,
0.04266,,
0.05409,,
0.09437,,
0.02615,,
0.02782,,
0.0274,,
0.02431,,
0.02391,,
0.02473,,
0.0235,,
0.02426,,
0.02847,,
0.02632,,
0.02763,,
0.024,,
0.02656,,
0.02583,,
0.02534,,
0.02575,,
0.03508,,
0.03166,,
0.02411,,
0.02434,,
0.0254,,
0.02362,,
0.02419,,
0.02455,,
0.02616,,
0.02523,,
0.02731,,
0.02616,,
0.02613,,
0.04089,,
0.05393,,
0.06044,,
0.02879,,
0.02883,,
0.07677,,
0.07711,,
0.03772,,
0.02207,,
0.02227,,
0.1081,,
0.07703,,
0.02232,,
0.02835,,
0.03963,,
0.04801,,
0.06135,,
0.02503,,
0.02636,,
0.02766,,
0.02536,,
0.02877,,
0.02623,,
0.02863,,
0.02207,,
0.03034,,
0.08086,,
0.04203,,
0.04098,,
0.03195,,
0.09421,,
0.09153,,
0.04544,,
0.04509,,
0.05022,,
0.0547,,
0.04681,,
0.03002,,
0.02979,,
0.02727,,
0.0298,,
0.02473,,
0.02663,,
0.02594,,
0.02556,,
0.02553,,
0.02951,,
0.02267,,
0.02431,,
0.02497,,
0.04093,,
0.02717,,
0.08064,,
0.09795,,
0.02719,,
0.03074,,
0.04449,,
0.06972,,
0.04386,,
0.04759,,
0.05011,,
0.04939,,
0.04386,,
0.05623,,
0.06306,,
0.04501,,
0.0485,,
0.02188,,
0.03816,,
0.05911,,
0.02898,,
0.02264,,
0.02645,,
0.0283,,
0.02523,,
0.02707,,
0.02307,,
0.02531,,
0.02679,,
0.03062,,
0.03796,,
0.04278,,
0.01947,,
0.02165,,
0.01955,,
0.02024,,
0.02339,,
0.01994,,
0.02168,,
0.02506,,
0.03114,,
0.0376,,
0.05389,,
0.06047,,
0.05579,,
0.09851,,
0.1014,,
0.02184,,
0.03006,,
0.0522,,
0.03683,,
0.04325,,
0.02173,,
0.02622,,
0.04369,,
0.02606,,
0.03078,,
0.02779,,
0.04644,,
0.02243,,
0.02184,,
0.02748,,
0.03279,,
0.06486,,
0.06386,,
0.07014,,
0.04315,,
0.05084,,
0.02234,,
0.02332,,
0.02786,,
0.02895,,
0.02317,,
0.02224,,
0.02524,,
0.0277,,
0.01953,,
0.02456,,
0.0247,,
0.02126,,
0.02277,,
0.02462,,
0.03792,,
0.02388,,
0.02514,,
0.02647,,
0.03166,,
0.02368,,
0.0261,,
0.02823,,
0.0251,,
0.02402,,
0.02459,,
0.0281,,
0.02361,,
0.02698,,
0.02586,,
0.02475,,
0.02237,,
0.02126,,
0.02057,,
0.02126,,
0.02539,,
0.02226,,
0.02531,,
0.02709,,
0.02372,,
0.02748,,
0.02251,,
0.0189,,
0.01963,,
0.0254,,
0.02397,,
0.02723,,
0.02058,,
0.02109,,
0.0199,,
0.02435,,
0.02804,,
0.03136,,
0.02576,,
0.02852,,
0.09929,,
0.05526,,
0.05878,,
0.03042,,
0.06377,,
0.0295,,
0.01973,,
0.01946,,
0.02425,,
0.02552,,
0.02145,,
0.02209,,
0.02649,,
0.02946,,
0.02116,,
0.02174,,
0.02534,,
0.02527,,
0.02599,,
0.02514,,
0.02788,,
0.03266,,
0.05624,,
0.05321,,
0.0189,,
0.0191,,
0.01919,,
0.01953,,
0.01962,,
0.02137,,
0.02025,,
0.02406,,
0.02297,,
0.01978,,
0.02057,,
0.02818,,
0.0502,,
0.02003,,
0.02,,
0.02259,,
0.02402,,
0.0499,,
0.08273,,
0.11455,,
0.15441,,
0.91473,,
0.02343,,
0.02284,,
0.02398,,
0.02298,,
0.02797,,
0.02311,,
0.05394,,
0.06139,,
0.02101,,
0.02126,,
0.02455,,
0.02168,,
0.02507,,
0.0279,,
0.05528,,
0.08132,,
0.21792,,
0.20893,,
0.02016,,
0.02154,,
0.01987,,
0.01932,,
0.01887,,
0.01964,,
0.01925,,
0.01937,,
0.01978,,
0.02326,,
0.01797,,
0.02027,,
0.02579,,
0.02123,,
0.03444,,
0.02774,,
0.086,,
0.02445,,
0.02515,,
0.02655,,
0.02017,,
0.0258,,
0.02393,,
0.02877,,
0.04013,,
0.05263,,
0.02336,,
0.02719,,
0.02436,,
0.04078,,
0.05208,,
0.02675,,
0.06151,,
0.05255,,
0.0575,,
0.02278,,
0.09252,,
0.12281,,
0.02661,,
0.02378,,
0.03125,,
0.0234,,
0.01894,,
0.01855,,
0.0193,,
0.01918,,
0.02065,,
0.02277,,
0.02853,,
0.02019,,
0.01991,,
0.01956,,
0.02047,,
0.02556,,
0.06484,,
0.22007,,
0.02924,,
0.02984,,
0.02713,,
0.0251,,
0.02288,,
0.02374,,
0.02173,,
0.02312,,
0.02046,,
0.02271,,
0.02538,,
0.02355,,
0.02358,,
0.03069,,
0.03266,,
0.02664,,
0.03954,,
0.03567,,
0.02684,,
0.02186,,
0.01947,,
0.01938,,
0.02367,,
0.02152,,
0.01978,,
0.01926,,
0.02069,,
0.02143,,
0.02668,,
0.036,,
0.03911,,
0.06512,,
0.12711,,
0.04883,,
0.37081,,
0.01949,,
0.01939,,
0.02188,,
0.02705,,
0.02676,,
0.02377,,
0.02419,,
0.02671,,
0.02682,,
0.02548,,
0.03003,,
0.06536,,
0.37701,,
0.05147,,
0.04099,,
0.01947,,
0.02406,,
0.02479,,
0.02071,,
0.02026,,
0.02251,,
0.08614,,
0.36241,,
0.04716,,
0.05225,,
0.02178,,
0.02625,,
0.02825,,
0.02756,,
0.02534,,
0.02803,,
0.03292,,
0.03431,,
0.05672,,
0.07019,,
0.13575,,
0.21309,,
0.03648,,
0.58145,,
0.36819,,
0.02886,,
0.03649,,
0.0395,,
0.03664,,
0.04526,,
0.03809,,
0.03378,,
0.03913,,
0.05019,,
0.02581,,
0.02713,,
0.03212,,
0.02963,,
0.03464,,
0.02944,,
0.03779,,
0.0386,,
0.3552,,
0.02174,,
0.0241,,
0.25176,,
0.33789,,
0.04355,,
0.04592,,
0.05233,,
0.03215,,
0.20322,,
0.03342,,
0.08496,,
0.13277,,
0.03006,,
0.05882,,
0.03125,,
0.0856,,
0.05722,,
0.02259,,
0.0244,,
0.02454,,
0.0245,,
0.03061,,
0.03736,,
0.02894,,
0.03104,,
0.03161,,
0.03392,,
0.02961,,
0.02427,,
0.02772,,
0.02511,,
0.02751,,
0.01956,,
0.02653,,
0.03057,,
0.02775,,
0.01978,,
0.02049,,
0.02651,,
0.03279,,
0.02204,,
0.02625,,
0.03293,,
0.02887,,
0.02327,,
0.02411,,
0.02687,,
0.06727,,
0.06278,,
0.04815,,
0.02363,,
0.04597,,
0.02763,,
0.05285,,
0.07689,,
0.0376,,
0.0287,,
0.02092,,
0.02403,,
0.02615,,
0.02538,,
0.02417,,
0.02054,,
0.02593,,
0.04422,,
0.02478,,
0.02902,,
0.02721,,
0.03232,,
0.02702,,
0.02581,,
0.02543,,
0.02211,,
0.025,,
0.02755,,
0.02658,,
0.02294,,
0.02588,,
0.024,,
0.0278,,
0.02677,,
0.02044,,
0.02763,,
0.0218,,
0.02208,,
0.02505,,
0.03293,,
0.02558,,
0.03034,,
0.02891,,
0.07379,,
0.0417,,
0.02792,,
0.02472,,
0.02764,,
0.02899,,
0.02659,,
0.02068,,
0.0211,,
0.0244,,
0.04086,,
0.0746,,
0.06617,,
0.01977,,
0.02347,,
0.02304,,
0.02453,,
0.02457,,
0.01962,,
0.02017,,
0.02023,,
0.02457,,
0.02634,,
0.0217,,
0.02082,,
0.02606,,
0.02145,,
0.02197,,
0.02537,,
0.03199,,
0.08414,,
0.03591,,
0.03614,,
0.6767,,
0.0219,,
0.02115,,
0.02365,,
0.02422,,
0.02343,,
0.02394,,
0.02663,,
0.02627,,
0.02193,,
0.02215,,
0.02713,,
0.02103,,
0.0204,,
0.02145,,
0.02311,,
0.02686,,
0.09409,,
0.41092,,
0.05683,,
0.02175,,
0.02834,,
0.06245,,
0.0596,,
0.05735,,
0.05749,,
0.05114,,
0.0285,,
0.05933,,
0.03672,,
0.06696,,
0.07054,,
0.07078,,
0.06718,,
0.05876,,
0.14174,,
0.05553,,
0.0502,,
0.03009,,
0.02748,,
0.04667,,
0.03582,,
0.03061,,
0.02348,,
0.02443,,
0.02269,,
0.02817,,
0.02747,,
0.02805,,
0.02283,,
0.03011,,
0.0229,,
0.05595,,
3.70684,,
0.0405,,
0.05044,,
0.03007,,
0.02922,,
0.02949,,
0.02949,,
0.0296,,
0.0302,,
0.03289,,
0.02992,,
0.02264,,
0.02969,,
0.16083,,
0.20739,,
0.05754,,
0.02958,,
0.22964,,
0.03427,,
0.05092,,
0.02451,,
0.03329,,
0.23135,,
0.20459,,
0.0871,,
0.0232,,
0.02365,,
0.02399,,
0.02336,,
0.02564,,
0.02543,,
0.04414,,
1.51586,,
0.02018,,
0.02064,,
0.02238,,
0.02404,,
0.01976,,
0.02033,,
0.02624,,
0.02311,,
0.02346,,
0.02189,,
0.02515,,
0.08593,,
0.02293,,
0.02484,,
0.03042,,
0.0501,,
0.05545,,
0.14379,,
0.03016,,
0.03184,,
0.02577,,
0.02572,,
0.02564,,
0.0243,,
0.02772,,
0.02732,,
0.03476,,
0.04825,,
0.02324,,
0.02151,,
0.02202,,
0.02281,,
0.02413,,
0.0245,,
0.03752,,
0.197,,
0.035,,
0.02291,,
0.02148,,
0.02253,,
0.02086,,
0.01948,,
0.02363,,
0.02349,,
0.02708,,
0.02496,,
0.02331,,
0.02279,,
0.03099,,
0.02176,,
0.0242,,
0.0587,,
4.30376,,
0.06319,,
0.03866,,
0.0545,,
0.06062,,
0.02997,,
0.05618,,
0.02556,,
0.0354,,
0.02147,,
0.02124,,
0.03417,,
0.02009,,
0.02528,,
0.02798,,
0.05048,,
0.05872,,
0.02875,,
0.11127,,
0.02427,,
0.02273,,
0.02589,,
0.03297,,
0.0261,,
0.02472,,
0.02625,,
0.02403,,
0.02666,,
0.02438,,
0.03368,,
0.02843,,
0.02791,,
0.02575,,
0.02738,,
0.02895,,
0.06485,,
0.04259,,
0.02911,,
0.02643,,
0.02644,,
0.02781,,
0.08739,,
0.23048,,
0.04636,,
0.02518,,
0.02936,,
0.03949,,
0.03131,,
0.02708,,
0.02262,,
0.02632,,
0.02838,,
0.02645,,
0.02727,,
0.02803,,
0.03746,,
0.02712,,
0.03278,,
0.02998,,
0.02883,,
0.02973,,
0.02488,,
0.02431,,
0.02838,,
0.03206,,
0.02898,,
0.02851,,
0.04352,,
0.02198,,
0.0287,,
0.04077,,
0.02588,,
0.02964,,
0.03867,,
0.60556,,
0.0235,,
0.05327,,
0.03016,,
0.02354,,
0.02342,,
0.01959,,
0.01994,,
0.0197,,
0.01997,,
0.02403,,
0.02495,,
0.0249,,
0.02457,,
0.02446,,
0.02679,,
0.02719,,
0.02642,,
0.02685,,
0.02554,,
0.02934,,
0.02452,,
0.02688,,
0.02957,,
0.02456,,
0.03058,,
0.04812,,
0.18003,,
0.04267,,
0.0646,,
0.36126,,
0.10214,,
0.01766,,
0.01496,,
0.01495,,
0.0185,,
0.03307,,
0.06483,,
0.07749,,
0.08443,,
0.09987,,
0.09504,,
0.11017,,
0.09388,,
0.28953,,
0.05358,,
0.11783,,
0.07803,,
0.04915,,
0.02773,,
0.13306,,
0.03146,,
0.06017,,
0.03038,,
0.05739,,
0.02685,,
0.0294,,
0.02884,,
0.0678,,
0.05894,,
0.03234,,
0.07016,,
0.08328,,
0.03133,,
0.02697,,
0.0323,,
0.03616,,
0.02401,,
0.02927,,
0.02736,,
0.0301,,
0.02837,,
0.02582,,
0.0281,,
0.02947,,
0.02796,,
0.02781,,
0.02671,,
0.03736,,
0.09574,,
0.05477,,
0.05271,,
0.05622,,
0.03022,,
0.08702,,
0.03619,,
0.0208,,
0.02094,,
0.02722,,
0.02835,,
0.05689,,
0.03537,,
0.02593,,
0.03216,,
0.02904,,
0.02855,,
0.02624,,
0.02818,,
0.02579,,
0.04277,,
0.02818,,
0.05952,,
0.02977,,
0.03568,,
0.05459,,
0.03526,,
0.04273,,
0.02517,,
0.02704,,
0.02062,,
0.02442,,
0.03192,,
0.02945,,
0.0312,,
0.03251,,
0.04533,,
0.06534,,
0.02786,,
0.06156,,
0.50091,,
0.04952,,
0.06638,,
0.02811,,
0.03027,,
0.02447,,
0.02594,,
0.02072,,
0.02109,,
0.02147,,
0.02026,,
0.01963,,
0.01966,,
0.02106,,
0.02218,,
0.02458,,
0.02451,,
0.0564,,
0.32898,,
0.02783,,
0.02261,,
0.02264,,
0.02742,,
0.02588,,
0.02559,,
0.03637,,
0.0295,,
0.02397,,
0.02413,,
0.02535,,
0.02457,,
0.02558,,
0.02943,,
0.0236,,
0.02535,,
0.07847,,
0.06352,,
0.03175,,
0.02977,,
0.08071,,
0.02704,,
0.03592,,
0.0707,,
0.12419,,
0.15829,,
0.02583,,
0.15405,,
0.18163,,
0.02617,,
0.02337,,
0.02729,,
0.02549,,
0.02521,,
0.02604,,
0.02705,,
0.02106,,
0.02691,,
0.02131,,
0.03034,,
0.03939,,
0.05682,,
0.02494,,
0.08034,,
0.02534,,
0.03714,,
0.43587,,
0.02428,,
0.02928,,
0.03139,,
0.02251,,
0.02497,,
0.04672,,
0.03058,,
0.02667,,
0.02601,,
0.02607,,
0.02617,,
0.02604,,
0.02525,,
0.02637,,
0.03617,,
0.32176,,
0.09696,,
0.10388,,
0.0277,,
0.02368,,
0.02669,,
0.02595,,
0.02985,,
0.03021,,
0.02743,,
0.03235,,
0.02822,,
0.0307,,
0.03428,,
0.02707,,
0.02722,,
0.02609,,
0.02554,,
0.02069,,
0.02257,,
0.02122,,
0.02306,,
0.03105,,
0.02313,,
0.02851,,
0.0283,,
0.02134,,
0.02175,,
0.02254,,
0.02964,,
0.02769,,
0.0316,,
0.12336,,
0.26141,,
0.08322,,
0.1053,,
0.02516,,
0.02153,,
0.02621,,
0.02709,,
0.02592,,
0.02504,,
0.02733,,
0.03713,,
0.02624,,
0.02959,,
0.02051,,
0.02497,,
0.02071,,
0.02387,,
0.02849,,
0.03002,,
0.08903,,
0.35696,,
0.02822,,
0.02823,,
0.0275,,
0.02327,,
0.02774,,
0.027,,
0.03125,,
0.02853,,
0.02634,,
0.02746,,
0.03555,,
0.03242,,
0.03265,,
0.02976,,
0.02431,,
0.03292,,
0.29205,,
0.02899,,
0.02386,,
0.02568,,
0.02583,,
0.02821,,
0.02529,,
0.02921,,
0.02544,,
0.02599,,
0.02493,,
0.02342,,
0.02551,,
0.02539,,
0.02768,,
0.02693,,
0.03073,,
0.11117,,
0.13241,,
0.03097,,
0.02726,,
0.02672,,
0.02306,,
0.02513,,
0.03205,,
0.02568,,
0.02564,,
0.03108,,
0.02926,,
0.02609,,
0.02954,,
0.02846,,
0.03104,,
0.07373,,
0.05746,,
0.29087,,
0.11763,,
0.02583,,
0.02931,,
0.02039,,
0.02198,,
0.02112,,
0.02448,,
0.0237,,
0.02913,,
0.0206,,
0.02046,,
0.02118,,
0.02854,,
0.02137,,
0.02165,,
0.01995,,
0.02337,,
0.0196,,
0.01941,,
0.05358,,
0.06233,,
0.08674,,
0.08674,,
0.50416,,
0.13334,,
0.07339,,
0.11007,,
0.12159,,
0.15236,,
0.24669,,
0.03212,,
0.0791,,
0.05878,,
0.02165,,
0.02763,,
0.0264,,
0.03408,,
0.04786,,
0.05408,,
0.03846,,
0.0354,,
0.04168,,
0.03392,,
0.09258,,
0.2075,,
0.04114,,
0.02719,,
0.0352,,
0.02461,,
0.02952,,
0.02133,,
0.09349,,
0.25969,,
0.17325,,
0.04237,,
0.03672,,
0.05502,,
0.03479,,
0.03136,,
0.10675,,
0.0941,,
0.03851,,
0.05418,,
0.05076,,
0.05827,,
0.03717,,
0.02614,,
0.02895,,
0.02626,,
0.02836,,
0.03678,,
0.03253,,
0.05114,,
0.07241,,
0.04399,,
0.04585,,
0.04104,,
0.0432,,
0.10913,,
0.02173,,
0.02909,,
0.0392,,
0.0593,,
0.08061,,
0.03292,,
0.02956,,
0.03174,,
0.02474,,
0.01966,,
0.02105,,
0.01974,,
0.02575,,
0.0236,,
0.0226,,
0.02945,,
0.06007,,
0.09864,,
0.04257,,
0.05048,,
0.02913,,
0.02833,,
0.03022,,
0.02436,,
0.02082,,
0.02757,,
0.02454,,
0.02024,,
0.02319,,
0.02598,,
0.02738,,
0.02623,,
0.02774,,
0.03078,,
0.07122,,
0.07073,,
0.02269,,
0.0277,,
0.0307,,
0.0416,,
0.02602,,
0.02507,,
0.01972,,
0.02004,,
0.02576,,
0.02446,,
0.02833,,
0.02831,,
0.02207,,
0.05268,,
0.02169,,
0.0283,,
0.02864,,
0.02947,,
0.02633,,
0.02399,,
0.02458,,
0.02122,,
0.02169,,
0.02422,,
0.02174,,
0.02714,,
0.02816,,
0.01996,,
0.02048,,
0.02526,,
0.03035,,
0.02304,,
0.02668,,
0.0651,,
0.71945,,
0.02383,,
0.02143,,
0.02143,,
0.02113,,
0.02389,,
0.02656,,
0.02814,,
0.026,,
0.02723,,
0.02604,,
0.03343,,
0.25758,,
0.11381,,
0.07452,,
0.09095,,
0.07275,,
0.40466,,
0.08232,,
0.05762,,
0.02506,,
0.04447,,
0.05446,,
0.02187,,
0.02567,,
0.0287,,
0.07115,,
0.04702,,
0.02298,,
0.02919,,
0.02316,,
0.02467,,
0.05121,,
0.0668,,
0.25842,,
0.12513,,
0.02719,,
0.02843,,
0.02323,,
0.02503,,
0.02426,,
0.02685,,
0.02609,,
0.02872,,
0.02616,,
0.02763,,
0.02979,,
0.02407,,
0.02488,,
0.02905,,
0.04025,,
0.02195,,
0.04331,,
0.40677,,
0.0237,,
0.0229,,
0.02196,,
0.02241,,
0.02444,,
0.02816,,
0.02679,,
0.02088,,
0.02191,,
0.04337,,
0.02164,,
0.05742,,
0.061,,
0.02493,,
0.03458,,
0.11853,,
0.71528,,
0.03222,,
0.02856,,
0.05652,,
0.06283,,
0.06294,,
0.06572,,
0.06152,,
0.03945,,
0.02836,,
0.02453,,
0.02289,,
0.045,,
0.03872,,
0.03578,,
0.05144,,
0.09507,,
0.13701,,
4.60992,,
0.02626,,
0.02709,,
0.03138,,
0.03511,,
0.03352,,
0.09694,,
0.06634,,
0.04851,,
0.02829,,
0.03231,,
0.02836,,
0.0296,,
0.03331,,
0.0291,,
0.02541,,
0.0646,,
0.12882,,
0.60349,,
0.07436,,
0.05,,
0.02952,,
0.03668,,
0.14898,,
0.03761,,
0.07619,,
0.08035,,
0.10836,,
0.04856,,
0.05288,,
0.06139,,
0.08741,,
0.03221,,
0.06783,,
0.09617,,
0.47686,,
0.02455,,
0.02449,,
0.02383,,
0.02476,,
0.02419,,
0.02499,,
0.02876,,
0.0288,,
0.05902,,
0.07994,,
0.10505,,
0.0214,,
0.03783,,
0.03133,,
0.05491,,
0.03852,,
0.08512,,
0.29909,,
0.04112,,
0.0428,,
0.03095,,
0.03202,,
0.03871,,
0.02042,,
0.0267,,
0.02016,,
0.0221,,
0.01982,,
0.02045,,
0.01997,,
0.0214,,
0.04039,,
0.02149,,
0.01952,,
0.0227,,
0.01986,,
0.02017,,
0.02117,,
0.02321,,
0.02772,,
0.02899,,
0.02685,,
0.0237,,
0.03951,,
0.05816,,
0.03218,,
0.04163,,
0.21834,,
0.11628,,
0.03159,,
0.03929,,
0.02362,,
0.06721,,
0.23238,,
0.01971,,
0.01999,,
0.01997,,
0.03295,,
0.02113,,
0.02534,,
0.02531,,
0.02246,,
0.02191,,
0.02317,,
0.02139,,
0.02755,,
0.02838,,
0.02695,,
0.02341,,
0.02911,,
0.05187,,
0.79556,,
0.03058,,
0.05974,,
0.07108,,
0.1049,,
0.05196,,
0.03542,,
0.02852,,
0.02804,,
0.02184,,
0.02202,,
0.03419,,
0.06698,,
0.10186,,
0.06457,,
0.19995,,
0.17592,,
0.03165,,
0.04437,,
0.03911,,
0.03051,,
0.03828,,
0.04188,,
0.02173,,
0.04587,,
0.06934,,
0.07115,,
0.08218,,
0.02764,,
0.02103,,
0.02867,,
0.02215,,
0.02061,,
0.0238,,
0.02315,,
0.02532,,
0.02737,,
0.02173,,
0.0247,,
0.02685,,
0.02225,,
0.02203,,
0.02954,,
0.03126,,
0.08751,,
0.03963,,
0.02144,,
0.02595,,
0.02882,,
0.0264,,
0.02479,,
0.03247,,
0.02351,,
0.02586,,
0.02753,,
0.02627,,
0.02655,,
0.03046,,
0.02351,,
0.02184,,
0.02865,,
0.03042,,
0.02764,,
0.02852,,
0.02341,,
0.0219,,
0.03052,,
0.03006,,
0.02642,,
0.02003,,
0.02211,,
0.0225,,
0.02611,,
0.02979,,
0.03504,,
0.02636,,
0.0288,,
0.02771,,
0.02935,,
0.02436,,
0.03169,,
0.05682,,
0.16658,,
0.02139,,
0.01939,,
0.02003,,
0.02166,,
0.02393,,
0.02006,,
0.0215,,
0.01995,,
0.02895,,
0.02043,,
0.02618,,
0.02066,,
0.02364,,
0.02357,,
0.02431,,
0.02278,,
0.02175,,
0.02087,,
0.02347,,
0.02103,,
0.02279,,
0.01976,,
0.02037,,
0.02194,,
0.02288,,
0.02897,,
0.02823,,
0.02064,,
0.02298,,
0.02373,,
0.02605,,
0.02801,,
0.02351,,
0.02895,,
0.02415,,
0.02162,,
0.02023,,
0.01938,,
0.02071,,
0.02514,,
0.02387,,
0.02318,,
0.03345,,
0.02715,,
0.02424,,
0.02587,,
0.02756,,
0.02516,,
0.03261,,
0.03153,,
0.04095,,
0.05685,,
0.07696,,
0.04615,,
0.03359,,
0.02481,,
0.02274,,
0.0359,,
0.02446,,
0.02292,,
0.02389,,
0.02971,,
0.02337,,
0.02858,,
0.02823,,
0.0295,,
0.02035,,
0.02646,,
0.02998,,
0.02004,,
0.02146,,
0.02147,,
0.02664,,
0.02191,,
0.03415,,
0.32233,,
0.05267,,
0.02422,,
0.0267,,
0.03298,,
0.02688,,
0.02539,,
0.0225,,
0.02197,,
0.02365,,
0.03172,,
0.05347,,
0.03742,,
0.05973,,
0.05638,,
0.68031,,
0.11809,,
0.02032,,
0.0211,,
0.02126,,
0.02273,,
0.03625,,
0.05004,,
0.02825,,
0.05128,,
0.05219,,
0.04607,,
0.0661,,
0.02233,,
0.03288,,
0.08686,,
0.02933,,
0.22288,,
0.20065,,
0.02178,,
0.01994,,
0.0194,,
0.02122,,
0.02329,,
0.02097,,
0.02689,,
0.04494,,
0.06818,,
0.01977,,
0.02046,,
0.02065,,
0.02896,,
0.02088,,
0.01991,,
0.02037,,
0.02208,,
0.02143,,
0.02175,,
0.02762,,
0.02285,,
0.02133,,
0.02445,,
0.03291,,
0.23117,,
0.02432,,
0.0308,,
0.02674,,
0.02863,,
0.0335,,
0.02965,,
0.03803,,
0.05132,,
0.0284,,
0.02978,,
0.02167,,
0.02357,,
0.02515,,
0.0266,,
0.03137,,
0.02596,,
0.03172,,
0.10362,,
0.02708,,
0.02177,,
0.02485,,
0.02339,,
0.02108,,
0.02099,,
0.02177,,
0.04091,,
0.0389,,
0.03019,,
0.04521,,
0.03229,,
0.03018,,
0.0279,,
0.03071,,
0.03835,,
0.06746,,
0.02822,,
0.02874,,
0.03197,,
0.02434,,
0.02389,,
0.03343,,
0.02598,,
0.02379,,
0.02825,,
0.02758,,
0.02635,,
0.02218,,
0.0232,,
0.03251,,
0.03545,,
0.03583,,
0.10233,,
4.54962,,
0.02756,,
0.02859,,
0.03133,,
0.02028,,
0.02425,,
0.02298,,
0.02621,,
0.02331,,
0.0203,,
0.02334,,
0.02879,,
0.02559,,
0.03824,,
0.04467,,
0.02111,,
0.02365,,
0.25315,,
0.06924,,
0.12557,,
3.91577,,
0.08086,,
0.07633,,
0.07612,,
0.07985,,
0.07569,,
0.06056,,
0.02517,,
0.0193,,
0.02026,,
0.0199,,
0.02014,,
0.02079,,
0.01997,,
0.01956,,
0.02077,,
0.02421,,
0.03626,,
0.63423,,
0.02342,,
0.02039,,
0.01935,,
0.02414,,
0.02495,,
0.02452,,
0.0251,,
0.02472,,
0.02503,,
0.0253,,
0.02526,,
0.02499,,
0.02639,,
0.03731,,
0.03122,,
0.0488,,
0.04333,,
0.02401,,
0.0348,,
0.03058,,
0.0292,,
0.02315,,
0.02711,,
0.02295,,
0.02259,,
0.02243,,
0.02177,,
0.02246,,
0.02225,,
0.02266,,
0.02206,,
0.02172,,
0.02015,,
0.0246,,
0.02709,,
0.01923,,
0.01994,,
0.01949,,
0.02001,,
0.02168,,
0.02317,,
0.02272,,
0.02223,,
0.03422,,
0.02543,,
0.02472,,
0.02149,,
0.02412,,
0.02517,,
0.01909,,
0.02081,,
0.02678,,
0.02377,,
0.02063,,
0.02397,,
0.28657,,
1.07213,,
0.02124,,
0.02092,,
0.02197,,
0.02916,,
0.02188,,
0.02215,,
0.02218,,
0.02223,,
0.02238,,
0.02125,,
0.03183,,
0.02108,,
0.02111,,
0.02097,,
0.02185,,
0.02212,,
0.0378,,
0.2727,,
0.02757,,
0.02853,,
0.02909,,
0.02965,,
0.02919,,
0.0281,,
0.02786,,
0.02848,,
0.02797,,
0.02785,,
0.02736,,
0.03185,,
0.02931,,
0.02559,,
0.0208,,
0.02448,,
0.03164,,
0.02977,,
0.02165,,
0.02315,,
0.01913,,
0.02069,,
0.01969,,
0.02076,,
0.02235,,
0.02158,,
0.02511,,
0.02578,,
0.02021,,
0.02089,,
0.01991,,
0.02085,,
0.02086,,
0.0202,,
0.0199,,
0.02064,,
0.01978,,
0.02097,,
0.02196,,
0.02321,,
0.02405,,
0.02859,,
0.02269,,
0.0228,,
0.02213,,
0.02668,,
0.01966,,
0.02109,,
0.02324,,
0.02284,,
0.01985,,
0.01971,,
0.02243,,
0.02466,,
0.02506,,
0.02056,,
0.02484,,
0.02211,,
0.02264,,
0.02645,,
0.02077,,
0.02797,,
0.02278,,
0.02613,,
0.0227,,
0.02326,,
0.02543,,
0.02289,,
0.02415,,
0.02436,,
0.0226,,
0.02273,,
0.02227,,
0.02144,,
0.02004,,
0.02076,,
0.01935,,
0.02164,,
0.02289,,
0.02323,,
0.02263,,
0.02763,,
0.02495,,
0.02465,,
0.0201,,
0.02036,,
0.01947,,
0.02015,,
0.02411,,
0.0232,,
0.0226,,
0.02468,,
0.02087,,
0.0204,,
0.02015,,
0.02038,,
0.02236,,
0.02029,,
0.02004,,
0.02335,,
0.02145,,
0.02252,,
0.02273,,
0.02228,,
0.02073,,
0.02155,,
0.02011,,
0.02163,,
0.02034,,
0.02096,,
0.02485,,
0.02105,,
0.01964,,
0.02172,,
0.02274,,
0.02254,,
0.02207,,
0.03036,,
0.02272,,
0.02306,,
0.02638,,
0.02172,,
0.01978,,
0.02497,,
0.02279,,
0.03305,,
0.02599,,
0.02291,,
0.02236,,
0.02682,,
0.0227,,
0.02237,,
0.02395,,
0.02305,,
0.02229,,
0.02326,,
0.01992,,
0.02,,
0.02482,,
0.02302,,
0.02228,,
0.02254,,
0.02314,,
0.02237,,
0.0198,,
0.0228,,
0.02412,,
0.02133,,
0.0195,,
0.01946,,
0.0204,,
0.02631,,
0.02465,,
0.02506,,
0.0199,,
0.02223,,
0.02199,,
0.02065,,
0.01942,,
0.0204,,
0.01936,,
0.02049,,
0.02143,,
0.0222,,
0.02123,,
0.02879,,
0.0324,,
0.02713,,
0.02499,,
0.43407,,
0.05343,,
0.02769,,
0.08839,,
0.03818,,
0.02667,,
0.01919,,
0.0216,,
0.02076,,
0.02342,,
0.02008,,
0.01969,,
0.02042,,
0.02543,,
0.02933,,
0.0213,,
0.02893,,
0.02745,,
0.02483,,
0.0237,,
0.12611,,
0.0223,,
0.02181,,
0.01945,,
0.02001,,
0.01949,,
0.01981,,
0.02328,,
0.02285,,
0.02249,,
0.02385,,
0.02506,,
0.02264,,
0.02026,,
0.02683,,
0.02495,,
0.02211,,
0.01928,,
0.02123,,
0.0222,,
0.03066,,
0.02368,,
0.02284,,
0.02455,,
0.0302,,
0.28631,,
0.20886,,
0.03675,,
0.03363,,
0.02669,,
0.02595,,
0.02744,,
0.02321,,
0.02063,,
0.02595,,
0.02693,,
0.02098,,
0.02596,,
0.02265,,
0.02701,,
0.03046,,
0.02693,,
0.02639,,
0.02307,,
0.02001,,
0.02434,,
0.01955,,
0.02042,,
0.02435,,
0.02193,,
0.02314,,
0.0226,,
0.02844,,
0.0222,,
0.02232,,
0.02565,,
0.02793,,
0.0203,,
0.01964,,
0.0209,,
0.02237,,
0.02222,,
0.0211,,
0.02266,,
0.02081,,
0.02139,,
0.02019,,
0.02048,,
0.03261,,
0.02869,,
0.03123,,
0.02471,,
0.02885,,
0.02683,,
0.02501,,
0.03127,,
0.02271,,
0.02787,,
0.02268,,
0.02305,,
0.02127,,
0.01991,,
0.01935,,
0.02009,,
0.01956,,
0.01937,,
0.02089,,
0.02289,,
0.02238,,
0.02461,,
0.02875,,
0.02064,,
0.01982,,
0.02585,,
0.02151,,
0.02226,,
0.02222,,
0.0234,,
0.02165,,
0.02269,,
0.02205,,
0.02259,,
0.02305,,
0.02437,,
0.02019,,
0.0207,,
0.01936,,
0.02026,,
0.01988,,
0.03127,,
0.02234,,
0.02795,,
0.0227,,
0.02226,,
0.02462,,
0.02328,,
0.02235,,
0.02517,,
0.02227,,
0.02274,,
0.02199,,
0.02254,,
0.02181,,
0.02206,,
0.02253,,
0.02276,,
0.02251,,
0.02325,,
0.02181,,
0.02753,,
0.02253,,
0.03059,,
0.02334,,
0.0212,,
0.0199,,
0.0212,,
0.02176,,
0.01985,,
0.01966,,
0.02054,,
0.02089,,
0.02835,,
0.02309,,
0.03538,,
0.13937,,
0.03159,,
0.02052,,
0.02879,,
0.02006,,
0.01949,,
0.01973,,
0.01934,,
0.02338,,
0.01954,,
0.0217,,
0.02335,,
0.02486,,
0.01987,,
0.0207,,
0.02028,,
0.02718,,
0.10379,,
0.06767,,
0.02079,,
0.02263,,
0.02634,,
0.02655,,
0.04245,,
0.04599,,
0.02559,,
0.03942,,
0.90326,,
0.0193,,
0.02049,,
0.02002,,
0.02047,,
0.02522,,
0.02233,,
0.02039,,
0.02193,,
0.02016,,
0.02219,,
0.0202,,
0.01921,,
0.02011,,
0.02045,,
0.02175,,
0.02561,,
0.04967,,
0.06136,,
0.02276,,
0.06659,,
0.32306,,
0.02061,,
0.02333,,
0.02729,,
0.02158,,
0.02085,,
0.02116,,
0.02079,,
0.01918,,
0.02166,,
0.01859,,
0.02053,,
0.01948,,
0.02275,,
0.02159,,
0.02091,,
0.0251,,
0.06154,,
0.72013,,
0.02126,,
0.02112,,
0.02091,,
0.0268,,
0.02024,,
0.02053,,
0.01943,,
0.01948,,
0.0192,,
0.02016,,
0.02598,,
0.02171,,
0.02804,,
0.02748,,
0.02764,,
0.05171,,
0.1783,,
0.01964,,
0.02194,,
0.01924,,
0.02015,,
0.02036,,
0.02731,,
0.02037,,
0.02141,,
0.02154,,
0.02115,,
0.02356,,
0.0217,,
0.02254,,
0.02111,,
0.01963,,
0.02206,,
0.06229,,
2.06341,,
0.01978,,
0.01937,,
0.01919,,
0.01945,,
0.01945,,
0.02055,,
0.02245,,
0.02422,,
0.02067,,
0.03683,,
0.02131,,
0.02276,,
0.02129,,
0.02122,,
0.02059,,
0.02232,,
0.05414,,
0.06286,,
0.03388,,
0.01936,,
0.01942,,
0.0222,,
0.07473,,
0.02123,,
0.03626,,
0.46086,,
0.02161,,
0.02049,,
0.02198,,
0.02145,,
0.0219,,
0.02697,,
0.0284,,
0.02724,,
0.03154,,
0.0252,,
0.02943,,
0.02141,,
0.02091,,
0.02072,,
0.02208,,
0.03063,,
0.05591,,
0.02074,,
0.02295,,
0.02209,,
0.02193,,
0.02106,,
0.02156,,
0.02176,,
0.025,,
0.02089,,
0.02085,,
0.02166,,
0.02121,,
0.02587,,
0.02643,,
0.02316,,
0.03012,,
0.03502,,
0.51126,,
0.02803,,
0.02789,,
0.02839,,
0.02794,,
0.0283,,
0.02892,,
0.02593,,
0.02912,,
0.02775,,
0.02636,,
0.02869,,
0.02809,,
0.02761,,
0.02602,,
0.02962,,
0.02895,,
0.05439,,
0.04795,,
0.02647,,
0.05459,,
0.04386,,
0.02721,,
0.02823,,
0.02556,,
0.02941,,
0.02698,,
0.03245,,
0.04619,,
0.02882,,
0.02577,,
0.03771,,
0.026,,
0.03066,,
0.02634,,
0.02096,,
0.02022,,
0.02515,,
0.02973,,
0.03424,,
0.02746,,
0.06722,,
0.03527,,
0.03338,,
0.02527,,
0.02607,,
0.02526,,
0.0306,,
0.02633,,
0.03159,,
0.03584,,
0.04857,,
0.05473,,
0.04123,,
0.02658,,
0.02624,,
0.02576,,
0.02784,,
0.02899,,
0.03023,,
0.03659,,
0.02991,,
0.04727,,
0.035,,
0.03235,,
0.02476,,
0.02679,,
0.03545,,
0.0582,,
0.02207,,
0.02531,,
0.02949,,
0.03024,,
0.04232,,
0.03236,,
0.02862,,
0.03222,,
0.02871,,
0.05797,,
0.0269,,
0.03109,,
0.02828,,
0.02743,,
0.02904,,
0.03153,,
0.03893,,
0.02722,,
0.02765,,
0.02841,,
0.03111,,
0.02727,,
0.02614,,
0.02671,,
0.02689,,
0.02614,,
0.02745,,
0.02979,,
0.02776,,
0.02686,,
0.02562,,
0.02814,,
0.03237,,
0.03116,,
0.02988,,
0.0272,,
0.02303,,
0.02893,,
0.02722,,
0.02171,,
0.04029,,
0.02754,,
0.02576,,
0.03203,,
0.02649,,
0.02828,,
0.0253,,
0.02813,,
0.02578,,
0.0332,,
0.02616,,
0.02611,,
0.02065,,
0.02555,,
0.0237,,
0.02125,,
0.03064,,
0.02973,,
0.02785,,
0.02456,,
0.02631,,
0.0301,,
0.02484,,
0.02695,,
0.02917,,
0.03379,,
0.02736,,
0.02908,,
0.03024,,
0.03036,,
0.02512,,
0.02446,,
0.02965,,
0.0268,,
0.03594,,
0.0293,,
0.0327,,
0.03083,,
0.02813,,
0.0236,,
0.03163,,
0.02999,,
0.06409,,
0.05016,,
0.02892,,
0.03142,,
0.0246,,
0.02772,,
0.03251,,
0.02626,,
0.02829,,
0.02443,,
0.03018,,
0.02117,,
0.02716,,
0.03101,,
0.02451,,
0.02251,,
0.02818,,
0.029,,
0.02808,,
0.03029,,
0.02879,,
0.02885,,
0.03295,,
0.03537,,
0.02142,,
0.02553,,
0.02621,,
0.02814,,
0.03743,,
0.03269,,
0.03055,,
0.02637,,
0.0286,,
0.02837,,
0.02947,,
0.03133,,
0.02022,,
0.02543,,
0.03367,,
0.02759,,
0.02627,,
0.02486,,
0.02582,,
0.02364,,
0.02433,,
0.02416,,
0.02619,,
0.02855,,
0.02898,,
0.03024,,
0.03165,,
0.0236,,
0.02474,,
0.0255,,
0.02443,,
0.02552,,
0.03077,,
0.02818,,
0.0296,,
0.029,,
0.02923,,
0.03126,,
0.03822,,
0.02027,,
0.02094,,
0.02508,,
0.02948,,
0.03133,,
0.02416,,
0.02748,,
0.0261,,
0.02807,,
0.0372,,
0.04657,,
0.02937,,
0.02921,,
0.03016,,
0.02632,,
0.03143,,
0.02779,,
0.0258,,
0.02327,,
0.02476,,
0.03313,,
0.02806,,
0.02684,,
0.02951,,
0.0249,,
0.0316,,
0.02765,,
0.03573,,
0.02868,,
0.02378,,
0.03527,,
0.02924,,
0.02427,,
0.02068,,
0.02123,,
0.02721,,
0.02529,,
0.02033,,
0.01949,,
0.02743,,
0.02103,,
0.02438,,
0.03481,,
0.03154,,
0.02479,,
0.02581,,
0.02248,,
0.02435,,
0.02176,,
0.02087,,
0.01973,,
0.02077,,
0.02444,,
0.02058,,
0.02084,,
0.0199,,
0.02004,,
0.02045,,
0.02519,,
0.02077,,
0.02377,,
0.02034,,
0.02064,,
0.02074,,
0.03067,,
0.03041,,
0.02511,,
0.02318,,
0.02377,,
0.02525,,
0.02163,,
0.02001,,
0.0207,,
0.02029,,
0.02105,,
0.04006,,
0.06273,,
0.02308,,
0.02468,,
0.02416,,
0.02298,,
0.02225,,
0.03195,,
0.13589,,
0.02601,,
0.38016,,
0.02243,,
0.03643,,
0.04696,,
0.04266,,
0.0251,,
0.03029,,
0.15821,,
0.06811,,
0.0236,,
0.07846,,
0.02784,,
0.08851,,
0.04255,,
0.02941,,
0.03314,,
0.04045,,
0.1003,,
0.25128,,
0.02516,,
0.02496,,
0.02517,,
0.03029,,
0.03325,,
0.03012,,
0.02485,,
0.02622,,
0.02557,,
0.02431,,
0.02196,,
0.02754,,
0.02792,,
0.0298,,
0.07216,,
0.1094,,
0.05643,,
0.02477,,
0.02732,,
0.03395,,
0.02676,,
0.0253,,
0.02638,,
0.03353,,
0.05081,,
0.03219,,
0.02665,,
0.03292,,
0.02152,,
0.0232,,
0.03391,,
0.04471,,
0.13454,,
0.47647,,
0.02951,,
0.07735,,
0.02276,,
0.01975,,
0.02431,,
0.02129,,
0.01963,,
0.0231,,
0.02055,,
0.02358,,
0.02091,,
0.02546,,
0.02137,,
0.02526,,
0.02166,,
0.02415,,
0.08205,,
0.08637,,
0.0312,,
0.03569,,
0.02186,,
0.02949,,
0.02366,,
0.03035,,
0.02103,,
0.03171,,
0.07553,,
0.0477,,
0.02668,,
0.03748,,
0.0359,,
0.04673,,
0.03175,,
0.03335,,
0.03346,,
0.04808,,
0.02149,,
0.02041,,
0.0214,,
0.02117,,
0.0254,,
0.0887,,
0.18047,,
0.02077,,
0.02127,,
0.02518,,
0.0194,,
0.02337,,
0.02354,,
0.02481,,
0.0204,,
0.02181,,
0.02718,,
0.02863,,
0.02878,,
0.0301,,
0.02514,,
0.0268,,
0.03031,,
0.03042,,
0.07585,,
0.05127,,
0.02812,,
0.02176,,
0.02355,,
0.05823,,
0.06632,,
0.02258,,
0.0266,,
0.02867,,
0.07341,,
0.02111,,
0.02157,,
0.03339,,
0.07843,,
0.05431,,
0.0253,,
0.03198,,
0.02676,,
0.0305,,
0.02261,,
0.02766,,
0.03201,,
0.36938,,
0.0902,,
0.04951,,
0.12917,,
0.03741,,
0.08977,,
0.04907,,
0.05427,,
0.05271,,
0.06421,,
0.04099,,
0.02136,,
0.02501,,
0.02917,,
0.02973,,
0.02873,,
0.03663,,
0.04315,,
0.0218,,
0.02168,,
0.0279,,
0.02554,,
0.02699,,
0.02316,,
0.02344,,
0.02363,,
0.02295,,
0.03595,,
0.27616,,
0.02527,,
0.02491,,
0.02476,,
0.03154,,
0.02489,,
0.02552,,
0.02842,,
0.02609,,
0.02762,,
0.03099,,
0.02383,,
0.02556,,
0.02824,,
0.03301,,
0.02376,,
0.02812,,
0.02928,,
0.057,,
0.02883,,
0.02781,,
0.03092,,
0.03311,,
0.04439,,
0.02737,,
0.02598,,
0.02009,,
0.02153,,
0.06053,,
0.16914,,
0.0258,,
0.0255,,
0.02905,,
0.02757,,
0.02701,,
0.02437,,
0.02416,,
0.02795,,
0.03065,,
0.0446,,
0.05667,,
0.02729,,
0.03093,,
0.03576,,
0.03289,,
0.02964,,
0.11845,,
9.83938,,
0.06739,,
0.06838,,
0.0716,,
0.02966,,
0.02073,,
0.02399,,
0.02806,,
0.04678,,
0.06108,,
0.02359,,
0.0272,,
0.03249,,
0.02074,,
0.02181,,
0.03579,,
0.0445,,
0.11692,,
0.02877,,
0.04679,,
0.02634,,
0.07072,,
0.06249,,
0.39381,,
0.04069,,
0.02711,,
0.03245,,
0.04548,,
0.04736,,
0.04625,,
0.05628,,
0.03391,,
0.03246,,
0.03633,,
0.04464,,
0.03192,,
0.02639,,
0.03451,,
0.03112,,
0.02896,,
0.05615,,
4.26477,,
0.02144,,
0.08669,,
0.02242,,
0.05152,,
0.05524,,
0.04373,,
0.0373,,
0.06121,,
0.05537,,
0.02117,,
0.02183,,
0.02125,,
0.02657,,
0.02505,,
0.02988,,
0.08116,,
0.17038,,
0.1174,,
0.06787,,
0.07903,,
0.04197,,
0.07029,,
0.07651,,
0.19296,,
0.08339,,
0.04575,,
0.06016,,
0.0267,,
0.03857,,
0.02875,,
0.06403,,
0.04107,,
0.02684,,
0.02683,,
0.09942,,
0.07918,,
0.08981,,
0.09906,,
0.67345,,
0.08138,,
0.02665,,
0.02825,,
0.02793,,
0.0492,,
0.05492,,
0.02751,,
0.03314,,
0.05608,,
0.05455,,
0.03389,,
0.02963,,
0.02998,,
0.02984,,
0.03008,,
0.0415,,
1.0327,,
0.04643,,
0.03281,,
0.06235,,
0.07276,,
0.06629,,
0.04665,,
0.0708,,
0.28166,,
0.11994,,
0.04804,,
0.03903,,
0.10676,,
0.15199,,
0.07141,,
0.04719,,
0.02625,,
0.06188,,
0.51107,,
0.02669,,
0.02484,,
0.02861,,
0.04624,,
0.06026,,
0.05774,,
0.02164,,
0.01985,,
0.02511,,
0.02427,,
0.02662,,
0.04963,,
0.04328,,
0.02885,,
0.05346,,
0.031,,
0.02873,,
0.02657,,
0.05049,,
0.07683,,
0.0317,,
0.07485,,
0.02653,,
0.02987,,
0.02938,,
0.031,,
0.02572,,
0.02965,,
0.02884,,
0.03475,,
0.05359,,
0.13066,,
0.05684,,
0.03866,,
0.02702,,
0.03295,,
0.02643,,
0.03469,,
0.04674,,
0.03878,,
0.02777,,
0.05809,,
0.05633,,
0.06166,,
0.05648,,
0.04313,,
0.12829,,
0.06993,,
0.04575,,
0.02993,,
0.02769,,
0.05006,,
0.03199,,
0.03425,,
0.02973,,
0.06638,,
0.07207,,
0.06213,,
0.02457,,
0.03014,,
0.02511,,
0.06817,,
0.03597,,
0.02571,,
0.02651,,
0.02586,,
0.02622,,
0.04297,,
0.02212,,
0.02487,,
0.02496,,
0.02086,,
0.02365,,
0.02753,,
0.02441,,
0.03342,,
0.02979,,
0.02443,,
0.02455,,
0.03247,,
0.02899,,
0.03503,,
0.03899,,
0.03258,,
0.046,,
0.0405,,
0.04168,,
0.05517,,
0.05905,,
0.0347,,
0.03352,,
0.03054,,
0.02778,,
0.046,,
0.04286,,
0.0306,,
0.0263,,
0.02627,,
0.02304,,
0.02727,,
0.02514,,
0.02158,,
0.02701,,
0.0278,,
0.02603,,
0.02984,,
0.03481,,
0.05189,,
0.02748,,
0.0236,,
0.02436,,
0.02673,,
0.0234,,
0.02722,,
0.05647,,
0.0465,,
0.0455,,
0.03474,,
0.02845,,
0.03717,,
0.05764,,
0.02825,,
0.02338,,
0.02651,,
0.02788,,
0.03417,,
0.02447,,
0.02422,,
0.02499,,
0.02652,,
0.02461,,
0.02518,,
0.03082,,
0.03367,,
0.02705,,
0.0253,,
0.02049,,
0.02453,,
0.04171,,
0.02683,,
0.02518,,
0.05865,,
0.04598,,
0.03423,,
0.05315,,
0.07324,,
0.05234,,
0.0337,,
0.02728,,
0.02493,,
0.0289,,
0.02905,,
0.02651,,
0.02026,,
0.02462,,
0.02722,,
0.02537,,
0.04153,,
0.03583,,
0.02942,,
0.03147,,
0.06529,,
0.08382,,
0.05718,,
0.03886,,
0.04633,,
0.04737,,
0.04196,,
0.07362,,
0.04886,,
0.05032,,
0.05259,,
0.05624,,
0.10509,,
0.11368,,
0.04815,,
0.0656,,
0.09383,,
0.56444,,
0.0371,,
0.03421,,
0.02755,,
0.0301,,
0.02865,,
0.05432,,
0.02647,,
0.03635,,
0.06544,,
0.07949,,
0.04573,,
0.03118,,
0.02537,,
0.02823,,
0.02748,,
0.03195,,
0.03596,,
0.09395,,
0.22227,,
0.04792,,
0.06601,,
0.0425,,
0.03152,,
0.02472,,
0.0276,,
0.03388,,
0.03712,,
0.02337,,
0.02918,,
0.03087,,
0.02832,,
0.02983,,
0.06601,,
0.06843,,
0.13438,,
0.46874,,
0.02709,,
0.02865,,
0.03572,,
0.10854,,
0.05809,,
0.04336,,
0.07836,,
0.03675,,
0.07032,,
0.04845,,
0.06125,,
0.02657,,
0.02561,,
0.02797,,
0.02886,,
0.03658,,
0.09981,,
1.11245,,
0.02478,,
0.02517,,
0.03064,,
0.02731,,
0.02597,,
0.02549,,
0.0292,,
0.02918,,
0.02826,,
0.02925,,
0.04224,,
0.02711,,
0.02754,,
0.02758,,
0.03358,,
0.0275,,
0.05323,,
0.10655,,
0.05134,,
0.02854,,
0.06026,,
0.03076,,
0.06333,,
0.05004,,
0.04911,,
0.03922,,
0.03567,,
0.04293,,
0.04041,,
0.05176,,
0.13633,,
0.03658,,
0.04816,,
0.04088,,
0.03848,,
0.04583,,
0.05417,,
0.02999,,
0.05984,,
0.03276,,
0.08192,,
0.07068,,
0.10624,,
0.04236,,
0.03772,,
0.0428,,
0.11015,,
0.05362,,
0.1295,,
0.02673,,
0.03851,,
0.02826,,
0.02376,,
0.02636,,
0.02429,,
0.02621,,
0.02367,,
0.02451,,
0.03642,,
0.02532,,
0.02688,,
0.02459,,
0.02015,,
0.03169,,
0.05656,,
0.14144,,
0.05559,,
0.05483,,
0.07461,,
0.02069,,
0.02506,,
0.02174,,
0.03334,,
0.0537,,
0.03638,,
0.03363,,
0.0451,,
0.04006,,
0.0373,,
0.06684,,
0.02127,,
0.02733,,
0.02847,,
0.03234,,
0.14976,,
0.16274,,
0.07255,,
0.03755,,
0.05163,,
0.13119,,
0.34332,,
0.30516,,
1.43509,,
0.04236,,
0.04629,,
0.03518,,
0.08099,,
0.02614,,
0.05283,,
0.0285,,
0.04844,,
0.03231,,
0.05619,,
0.02523,,
0.0284,,
0.04156,,
0.0271,,
0.02732,,
0.02888,,
0.03069,,
0.03182,,
0.05441,,
0.05156,,
0.02934,,
0.14211,,
0.04927,,
0.05811,,
0.02322,,
0.02902,,
0.02572,,
0.0349,,
0.02789,,
0.06603,,
0.06327,,
0.04156,,
0.05205,,
0.06447,,
0.07814,,
0.03129,,
0.13953,,
0.07351,,
0.06774,,
0.11878,,
0.07093,,
0.04573,,
0.02825,,
0.07226,,
1.2084,,
0.02591,,
0.02997,,
0.07051,,
0.07735,,
0.02861,,
0.03506,,
0.04852,,
0.02601,,
0.03226,,
0.03574,,
0.11987,,
0.03895,,
0.13988,,
0.04849,,
0.03752,,
0.025,,
0.06479,,
0.15197,,
0.03034,,
0.02479,,
0.03461,,
0.0594,,
0.04935,,
0.08424,,
0.05809,,
0.03822,,
0.0389,,
0.03008,,
0.0263,,
0.03534,,
0.02496,,
0.02634,,
0.02716,,
0.03684,,
0.03653,,
0.02438,,
0.02668,,
0.02804,,
0.02391,,
0.02724,,
0.02909,,
0.03985,,
0.03189,,
0.07308,,
0.05905,,
0.02989,,
0.07749,,
0.07375,,
0.10271,,
0.04278,,
0.08438,,
0.07531,,
0.03633,,
0.03412,,
0.05795,,
0.02672,,
0.02555,,
0.03217,,
0.02681,,
0.02482,,
0.12192,,
0.09794,,
0.07105,,
0.03231,,
0.04062,,
0.13542,,
0.06521,,
0.05392,,
0.04166,,
0.0377,,
0.02932,,
0.02648,,
0.0345,,
0.03401,,
0.06293,,
0.13059,,
0.03227,,
0.02483,,
0.02402,,
0.06665,,
4.33872,,
0.07437,,
0.03606,,
0.09246,,
0.05097,,
0.0542,,
0.05012,,
0.04832,,
0.16932,,
0.23456,,
0.0774,,
0.05285,,
0.03741,,
0.04059,,
0.068,,
0.18506,,
0.4328,,
0.18177,,
0.16875,,
0.07411,,
0.05929,,
0.13062,,
0.09942,,
0.13581,,
0.12014,,
0.04752,,
0.0571,,
0.08198,,
0.07446,,
0.05802,,
0.03857,,
0.05928,,
0.06733,,
0.10061,,
0.16312,,
0.08262,,
0.29064,,
0.11112,,
0.04747,,
0.06542,,
0.02436,,
0.02375,,
0.13902,,
0.08513,,
0.07167,,
0.07923,,
0.04526,,
0.04052,,
0.08063,,
0.03284,,
0.04678,,
0.03466,,
0.03671,,
0.05472,,
0.29945,,
0.0375,,
0.03485,,
0.02634,,
0.05235,,
0.03239,,
0.0515,,
0.04038,,
0.03898,,
0.07208,,
0.04844,,
0.03186,,
0.05044,,
0.02421,,
0.02768,,
0.03046,,
0.06711,,
0.09478,,
1.06398,,
0.06553,,
0.06855,,
0.152,,
0.10564,,
0.04568,,
0.09778,,
0.04301,,
0.04114,,
0.03252,,
0.02809,,
0.0217,,
0.03145,,
0.02495,,
0.02858,,
0.03269,,
0.05449,,
0.4311,,
0.06926,,
0.03367,,
0.02519,,
0.03005,,
0.05191,,
0.03604,,
0.0474,,
0.03788,,
0.0613,,
0.07254,,
0.06189,,
0.03762,,
0.05423,,
0.03525,,
0.03787,,
0.02934,,
0.05489,,
0.13482,,
0.03501,,
0.02642,,
0.0251,,
0.0383,,
0.03089,,
0.03141,,
0.06801,,
0.05048,,
0.10572,,
0.04951,,
0.05305,,
0.06557,,
0.03875,,
0.0292,,
0.026,,
0.03417,,
0.04638,,
0.03364,,
0.03759,,
0.03453,,
0.1062,,
0.12899,,
0.05028,,
0.04969,,
0.05833,,
0.03609,,
0.03188,,
0.06907,,
0.06704,,
0.11359,,
0.13693,,
0.03718,,
0.02972,,
0.02647,,
0.02943,,
0.02731,,
0.03749,,
0.03214,,
0.02994,,
0.03574,,
0.11695,,
0.28657,,
0.03354,,
0.17936,,
0.07285,,
0.03075,,
0.04191,,
0.02758,,
0.03142,,
0.01993,,
0.01949,,
0.02628,,
0.02789,,
0.02361,,
0.03421,,
0.03118,,
0.02829,,
0.03001,,
0.03406,,
0.06988,,
0.42562,,
0.03259,,
0.04296,,
0.02388,,
0.03194,,
0.02659,,
0.02847,,
0.02691,,
0.03144,,
0.05673,,
0.0423,,
0.0293,,
0.03054,,
0.02925,,
0.06579,,
0.03233,,
0.03138,,
0.14098,,
0.42001,,
0.02391,,
0.03195,,
0.04755,,
0.02344,,
0.02721,,
0.08229,,
0.04336,,
0.04188,,
0.03021,,
0.02873,,
0.02971,,
0.03424,,
0.05202,,
0.02075,,
0.0255,,
0.05754,,
0.59816,,
0.02244,,
0.07106,,
0.05628,,
0.05378,,
0.02805,,
0.03808,,
0.02853,,
0.09697,,
0.03901,,
0.02452,,
0.02656,,
0.02846,,
0.02842,,
0.02904,,
0.02908,,
0.05005,,
0.05175,,
0.16872,,
0.03175,,
0.02945,,
0.05713,,
0.08375,,
0.02436,,
0.02914,,
0.03707,,
0.02598,,
0.02707,,
0.03113,,
0.03195,,
0.02728,,
0.03256,,
0.03972,,
0.05339,,
0.06641,,
0.05019,,
0.21263,,
0.04268,,
0.05045,,
0.27094,,
0.06704,,
0.04049,,
0.02705,,
0.05843,,
0.07086,,
0.08455,,
0.05241,,
0.06384,,
0.02804,,
0.0418,,
0.03123,,
0.03094,,
0.03746,,
0.05145,,
0.05617,,
0.04426,,
0.05153,,
0.02027,,
0.03086,,
0.06203,,
0.1516,,
0.11465,,
0.03004,,
0.05805,,
0.13173,,
0.18885,,
1.18382,,
0.14984,,
0.05843,,
0.05882,,
0.08908,,
0.04341,,
0.04953,,
0.06704,,
0.0517,,
0.05224,,
0.09323,,
0.06329,,
0.03893,,
0.02385,,
0.0736,,
0.10868,,
0.07583,,
0.08224,,
0.2271,,
0.08515,,
0.16872,,
0.03775,,
0.11279,,
0.05539,,
0.06334,,
0.09092,,
0.04242,,
0.10107,,
0.04663,,
0.04949,,
0.0552,,
0.03688,,
0.04616,,
0.02349,,
0.08012,,
0.06008,,
0.03818,,
0.05172,,
0.11895,,
0.13546,,
0.4858,,
0.06795,,
0.25869,,
0.08104,,
1.7023,,
0.08653,,
0.05817,,
0.05394,,
0.02246,,
0.02558,,
0.03581,,
0.03306,,
0.0324,,
0.02551,,
0.0262,,
0.03298,,
0.0276,,
0.02606,,
0.02698,,
0.02702,,
0.02915,,
0.04971,,
0.50404,,
0.09409,,
0.06674,,
0.06539,,
0.09662,,
0.1189,,
0.06497,,
0.02623,,
0.03012,,
0.02641,,
0.02837,,
0.03316,,
0.03145,,
0.02793,,
0.02839,,
0.0325,,
0.03053,,
0.0615,,
0.02791,,
0.02718,,
0.02768,,
0.02781,,
0.02178,,
0.03108,,
0.04566,,
0.06991,,
0.07551,,
0.04509,,
0.02679,,
0.05972,,
0.02447,,
0.02748,,
0.02838,,
0.11336,,
0.0567,,
0.13874,,
0.03776,,
0.03131,,
0.09338,,
0.12622,,
0.05699,,
0.04227,,
0.05057,,
0.09161,,
0.06904,,
0.05911,,
0.07165,,
0.0416,,
0.06298,,
0.08902,,
0.04594,,
0.07055,,
0.0529,,
0.46105,,
0.02992,,
0.06091,,
0.02466,,
0.02745,,
0.03624,,
0.08146,,
0.05866,,
0.0561,,
0.06878,,
0.03193,,
0.02109,,
0.0207,,
0.02022,,
0.02701,,
0.02136,,
0.07723,,
0.19071,,
0.02507,,
0.02707,,
0.03014,,
0.03848,,
0.04595,,
0.10752,,
0.09277,,
0.03601,,
0.02707,,
0.03032,,
0.02955,,
0.02845,,
0.04818,,
0.05262,,
0.02847,,
0.05619,,
0.08598,,
0.16177,,
0.02551,,
0.03022,,
0.02919,,
0.02458,,
0.02945,,
0.03542,,
0.03582,,
0.13183,,
0.05066,,
0.04755,,
0.08799,,
0.02679,,
0.03047,,
0.02958,,
0.02728,,
0.03297,,
0.07085,,
0.04512,,
0.06761,,
0.03768,,
0.02797,,
0.05157,,
0.03548,,
0.02996,,
0.05279,,
0.03948,,
0.02747,,
0.02818,,
0.02656,,
0.02807,,
0.03885,,
0.02915,,
0.03556,,
0.02874,,
0.03057,,
0.04899,,
0.06525,,
0.12352,,
0.21059,,
0.07035,,
0.0709,,
0.05202,,
0.04059,,
0.07792,,
0.05677,,
0.07916,,
0.04335,,
0.02719,,
0.02857,,
0.03128,,
0.03162,,
0.0443,,
0.02616,,
0.03375,,
0.05554,,
0.05761,,
0.20905,,
0.06461,,
0.10093,,
0.13198,,
0.035,,
0.02823,,
0.02687,,
0.02718,,
0.02741,,
0.02095,,
0.0257,,
0.02999,,
0.02966,,
0.02867,,
0.03054,,
0.03447,,
0.0558,,
0.0263,,
0.02701,,
0.05468,,
0.03031,,
0.03633,,
0.08278,,
0.07814,,
0.20492,,
0.09936,,
0.02191,,
0.03997,,
0.02774,,
0.05486,,
0.06836,,
0.05304,,
0.05947,,
0.53232,,
0.0243,,
0.02601,,
0.02712,,
0.03504,,
0.05856,,
0.03395,,
0.0799,,
0.02901,,
0.02617,,
0.02719,,
0.05314,,
0.05073,,
0.02474,,
0.06438,,
0.06186,,
0.10074,,
0.88475,,
0.02686,,
0.02558,,
0.02714,,
0.0409,,
0.06796,,
0.06082,,
0.08907,,
0.0263,,
0.02679,,
0.03358,,
0.02623,,
0.02535,,
0.02676,,
0.03102,,
0.06191,,
0.06053,,
0.09208,,
0.16598,,
0.04702,,
0.0513,,
0.05165,,
0.04869,,
0.0657,,
0.06644,,
0.05147,,
0.04191,,
0.02817,,
0.02707,,
0.03435,,
0.03245,,
0.03568,,
0.02937,,
0.04144,,
0.04275,,
0.03165,,
0.02523,,
0.02991,,
0.03961,,
0.07015,,
0.07795,,
0.07955,,
0.07942,,
0.04074,,
0.03025,,
0.03245,,
0.02622,,
0.05241,,
0.02601,,
0.03031,,
0.03457,,
0.04561,,
0.02634,,
0.05366,,
0.09952,,
0.05023,,
0.03351,,
0.02851,,
0.06727,,
0.7146,,
0.03042,,
0.03064,,
0.0558,,
0.03857,,
0.0272,,
0.03616,,
0.0292,,
0.02947,,
0.02997,,
0.05604,,
0.05256,,
0.0244,,
0.03858,,
0.04569,,
0.03511,,
0.0318,,
0.29201,,
0.05661,,
0.04111,,
0.04975,,
0.04163,,
0.05908,,
0.07758,,
0.05735,,
0.03535,,
0.02595,,
0.03034,,
0.0658,,
0.05793,,
0.02867,,
0.05099,,
0.05786,,
0.07525,,
0.17709,,
0.84697,,
0.02727,,
0.09196,,
0.06842,,
0.03358,,
0.10391,,
0.04238,,
0.02537,,
0.02763,,
0.02793,,
0.0318,,
0.03985,,
0.02689,,
0.0272,,
0.02635,,
0.02737,,
0.03126,,
0.08242,,
0.05442,,
0.05207,,
0.04503,,
0.06849,,
0.04759,,
0.04648,,
0.03733,,
0.05571,,
0.06778,,
0.0718,,
0.07935,,
0.04577,,
0.06366,,
0.37209,,
0.04282,,
0.02114,,
0.02195,,
0.04098,,
0.07944,,
0.07272,,
0.03253,,
0.08277,,
0.04804,,
0.08802,,
0.03944,,
0.15569,,
0.04133,,
0.07084,,
0.03495,,
0.0306,,
0.07026,,
0.36829,,
0.0296,,
0.03623,,
0.06812,,
0.12031,,
0.08429,,
0.13259,,
0.03629,,
0.02863,,
0.02966,,
0.03225,,
0.07717,,
0.07795,,
0.03237,,
0.02768,,
0.0317,,
0.04756,,
0.0359,,
0.03297,,
0.033,,
0.07378,,
0.07802,,
0.04091,,
0.06026,,
0.03336,,
0.04703,,
0.06789,,
0.10123,,
0.0708,,
0.04306,,
0.06005,,
0.08622,,
0.10429,,
0.05768,,
0.06861,,
0.04338,,
0.04086,,
0.03532,,
0.02667,,
0.03385,,
0.03159,,
0.07078,,
0.06963,,
0.08851,,
0.03292,,
0.06704,,
0.04516,,
0.06828,,
0.11516,,
0.06151,,
0.03813,,
0.08268,,
0.02465,,
0.02596,,
0.0359,,
0.0812,,
0.04381,,
0.60227,,
0.02853,,
0.02766,,
0.04829,,
0.05364,,
0.0509,,
0.04988,,
0.04897,,
0.06405,,
0.04684,,
0.08692,,
0.02977,,
0.05624,,
0.07417,,
0.06702,,
0.03759,,
0.03267,,
0.16963,,
0.69643,,
0.02799,,
0.02953,,
0.04286,,
0.08962,,
0.0341,,
0.07622,,
0.06045,,
0.04903,,
0.07996,,
0.05515,,
0.09253,,
0.11685,,
0.05708,,
0.04933,,
0.05535,,
0.06689,,
0.31972,,
0.04204,,
0.03755,,
0.04317,,
0.0736,,
0.02142,,
0.02661,,
0.07475,,
0.07119,,
0.06207,,
0.05026,,
0.03057,,
0.10669,,
0.02732,,
0.02659,,
0.0301,,
0.04077,,
0.07253,,
0.71712,,
0.02045,,
0.02524,,
0.02702,,
0.02813,,
0.02886,,
0.03095,,
0.04658,,
0.04083,,
0.02536,,
0.02173,,
0.02486,,
0.02824,,
0.03676,,
0.02639,,
0.02682,,
0.04316,,
0.04073,,
0.06258,,
0.07953,,
0.08678,,
0.02673,,
0.02733,,
0.0351,,
0.03622,,
0.06367,,
0.03837,,
0.03941,,
0.05481,,
0.07788,,
0.07473,,
0.07375,,
0.04208,,
0.05401,,
0.04306,,
0.05604,,
0.0645,,
0.05871,,
0.02669,,
0.03248,,
0.04818,,
0.03169,,
0.02843,,
0.03109,,
0.03112,,
0.02809,,
0.06225,,
0.0596,,
0.04723,,
0.04072,,
0.02763,,
0.02645,,
0.02676,,
0.02798,,
0.05455,,
0.09279,,
0.03806,,
0.02163,,
0.0305,,
0.03936,,
0.02563,,
0.04214,,
0.04567,,
0.04918,,
0.08169,,
0.10935,,
0.10845,,
0.38548,,
0.09887,,
0.02326,,
0.04493,,
0.19834,,
0.02578,,
0.04231,,
0.05007,,
0.05019,,
0.06857,,
0.07544,,
0.03244,,
0.03496,,
0.02627,,
0.03671,,
0.0314,,
0.03801,,
0.42439,,
0.17391,,
0.0297,,
0.02796,,
0.02707,,
0.03065,,
0.03047,,
0.03318,,
0.03442,,
0.03777,,
0.12791,,
0.11626,,
0.08013,,
0.05067,,
0.05365,,
0.02085,,
0.02685,,
0.03467,,
0.05262,,
0.06397,,
0.06885,,
0.08447,,
0.0693,,
0.10435,,
0.04759,,
0.07115,,
0.04903,,
0.04435,,
0.02697,,
0.32782,,
0.05924,,
0.11128,,
0.04789,,
0.0282,,
0.0544,,
0.03766,,
0.04364,,
0.06409,,
0.04116,,
0.06713,,
0.06236,,
0.26549,,
0.0422,,
0.06209,,
0.02796,,
0.02598,,
0.03155,,
0.0293,,
0.03416,,
0.02823,,
0.03506,,
0.02808,,
0.06402,,
0.02536,,
0.02862,,
0.03032,,
0.02768,,
0.03012,,
0.0223,,
0.04797,,
0.07039,,
0.06541,,
0.03488,,
0.03238,,
0.02891,,
0.02437,,
0.07754,,
0.04423,,
0.03954,,
0.06489,,
0.0298,,
0.02462,,
0.07825,,
0.50265,,
0.08381,,
0.04681,,
0.04211,,
0.02555,,
0.02752,,
0.02624,,
0.02575,,
0.05975,,
0.02071,,
0.03077,,
0.02646,,
0.02871,,
0.02951,,
0.03266,,
0.02965,,
0.02775,,
0.05553,,
0.61189,,
0.02513,,
0.0256,,
0.02491,,
0.02528,,
0.02373,,
0.0285,,
0.02701,,
0.03124,,
0.03434,,
0.02522,,
0.02641,,
0.02903,,
0.02834,,
0.02984,,
0.03171,,
0.04412,,
0.0512,,
0.19675,,
0.02779,,
0.02511,,
0.02526,,
0.02622,,
0.0275,,
0.02443,,
0.02855,,
0.02827,,
0.02368,,
0.02396,,
0.02886,,
0.03273,,
0.0558,,
0.04782,,
0.0422,,
0.07912,,
0.33683,,
0.0794,,
0.03296,,
0.02831,,
0.03412,,
0.02826,,
0.0523,,
0.04504,,
0.03928,,
0.08656,,
0.04149,,
0.04314,,
0.03471,,
0.03801,,
0.09208,,
0.02099,,
0.02786,,
0.04884,,
8.80533,,
0.02912,,
0.03452,,
0.03661,,
0.05985,,
0.07862,,
0.02849,,
0.08294,,
0.10441,,
0.07204,,
0.12308,,
0.03222,,
0.05011,,
0.07175,,
0.08707,,
0.08317,,
0.06986,,
0.03913,,
0.07797,,
0.08606,,
0.09124,,
0.18077,,
0.01916,,
0.0276,,
0.05878,,
0.08139,,
0.67507,,
1.11365,,
0.01915,,
0.02085,,
0.02011,,
0.01957,,
0.01971,,
0.01966,,
0.02197,,
0.02356,,
0.01911,,
0.01913,,
0.01945,,
0.02192,,
0.02047,,
0.02445,,
0.02933,,
0.15439,,
1.4834,,
0.02164,,
0.02299,,
0.02016,,
0.02542,,
0.02236,,
0.02155,,
0.02164,,
0.02174,,
0.0199,,
0.02869,,
0.02217,,
0.02155,,
0.02306,,
0.01927,,
0.02848,,
0.03031,,
0.30022,,
3.04941,,
0.01932,,
0.02135,,
0.03716,,
0.02643,,
0.02224,,
0.02233,,
0.01837,,
0.02188,,
0.01896,,
0.01922,,
0.01949,,
0.02056,,
0.02075,,
0.02164,,
0.0215,,
0.02515,,
0.05695,,
0.06144,,
0.02081,,
0.02364,,
0.02151,,
0.02319,,
0.02109,,
0.01988,,
0.02291,,
0.07712,,
0.48788,,
0.01871,,
0.01794,,
0.01601,,
0.0217,,
0.01929,,
0.02018,,
0.01934,,
0.01888,,
0.01898,,
0.01981,,
0.01931,,
0.01927,,
0.0197,,
0.02438,,
0.07276,,
0.03656,,
0.03834,,
0.02037,,
0.02058,,
0.02041,,
0.02204,,
0.02067,,
0.02111,,
0.02049,,
0.02167,,
0.01963,,
0.02071,,
0.02361,,
0.02174,,
0.02516,,
0.02189,,
0.02133,,
0.02023,,
0.01963,,
0.01975,,
0.02065,,
0.02175,,
0.02163,,
0.02097,,
0.01929,,
0.02139,,
0.02236,,
0.02183,,
0.02482,,
0.02246,,
0.02941,,
0.02172,,
0.02055,,
0.02028,,
0.02081,,
0.02282,,
0.02141,,
0.02113,,
0.01951,,
0.02056,,
0.02187,,
0.02196,,
0.02582,,
0.02306,,
0.02012,,
0.02031,,
0.02002,,
0.02423,,
0.02255,,
0.0203,,
0.01899,,
0.02117,,
0.02118,,
0.02172,,
0.02149,,
0.02146,,
0.0217,,
0.02131,,
0.02195,,
0.02126,,
0.02058,,
0.02164,,
0.0262,,
0.02105,,
0.01985,,
0.02171,,
0.02952,,
0.02479,,
0.02166,,
0.02295,,
0.02502,,
0.0199,,
0.02032,,
0.02201,,
0.02166,,
0.02132,,
0.02123,,
0.02045,,
0.01944,,
0.01931,,
0.01917,,
0.02053,,
0.02014,,
0.02157,,
0.02497,,
0.021,,
0.02133,,
0.02173,,
0.01987,,
0.01969,,
0.02081,,
0.023,,
0.02408,,
0.02235,,
0.02575,,
0.02171,,
0.02113,,
0.02047,,
0.02701,,
0.02042,,
0.02157,,
0.02035,,
0.0259,,
0.02022,,
0.02083,,
0.02229,,
0.02242,,
0.02228,,
0.02133,,
0.02231,,
0.01927,,
0.0206,,
0.02489,,
0.02235,,
0.02193,,
0.02211,,
0.02125,,
0.02271,,
0.02153,,
0.02179,,
0.02345,,
0.0206,,
0.01948,,
0.02152,,
0.02387,,
0.02209,,
0.03405,,
0.02342,,
0.02161,,
0.02177,,
0.0206,,
0.02097,,
0.01994,,
0.02046,,
0.02018,,
0.02229,,
0.0202,,
0.02006,,
0.02875,,
0.02252,,
0.02304,,
0.02098,,
0.02011,,
0.02151,,
0.01982,,
0.01984,,
0.02058,,
0.02247,,
0.02371,,
0.02116,,
0.02288,,
0.02442,,
0.02228,,
0.02719,,
0.05559,,
0.02182,,
0.02511,,
0.02071,,
0.01925,,
0.01938,,
0.01986,,
0.02095,,
0.0199,,
0.0209,,
0.01928,,
0.02058,,
0.01993,,
0.02239,,
0.02335,,
0.02037,,
0.02321,,
0.09269,,
0.04331,,
0.03113,,
0.02251,,
0.02665,,
0.03763,,
0.02157,,
0.02243,,
0.02388,,
0.02082,,
0.02002,,
0.02133,,
0.02183,,
0.02109,,
0.01974,,
0.02064,,
0.02067,,
0.0204,,
0.02202,,
0.02106,,
0.02181,,
0.0228,,
0.02168,,
0.02167,,
0.02115,,
0.02108,,
0.02759,,
0.02216,,
0.02058,,
0.02124,,
0.02051,,
0.0245,,
0.0248,,
0.02156,,
0.02235,,
0.02275,,
0.0215,,
0.02257,,
0.02267,,
0.08635,,
0.02723,,
0.0468,,
0.02144,,
0.02627,,
0.01959,,
0.02074,,
0.02071,,
0.02167,,
0.02119,,
0.02046,,
0.02636,,
0.01965,,
0.01896,,
0.02043,,
0.01855,,
0.01901,,
0.02092,,
0.02212,,
0.02268,,
0.021,,
0.02101,,
0.02366,,
0.02143,,
0.0229,,
0.0208,,
0.02099,,
0.02156,,
0.02221,,
0.02108,,
0.02246,,
0.0228,,
0.02183,,
0.02233,,
0.02107,,
0.02237,,
0.01998,,
0.01914,,
0.01966,,
0.02152,,
0.02321,,
0.02125,,
0.02135,,
0.02055,,
0.02083,,
0.02159,,
0.02165,,
0.02222,,
0.0193,,
0.01972,,
0.01947,,
0.02328,,
0.02298,,
0.02317,,
0.02068,,
0.02082,,
0.02169,,
0.02231,,
0.02042,,
0.02134,,
0.02167,,
0.02106,,
0.02315,,
0.01937,,
0.0201,,
0.019,,
0.01941,,
0.02232,,
0.02121,,
0.02065,,
0.02093,,
0.0205,,
0.01943,,
0.01846,,
0.0197,,
0.02048,,
0.02319,,
0.02353,,
0.02003,,
0.01899,,
0.01917,,
0.01978,,
0.02243,,
0.02337,,
0.02185,,
0.01912,,
0.01986,,
0.01856,,
0.02085,,
0.02197,,
0.0214,,
0.02097,,
0.01976,,
0.01919,,
0.01994,,
0.01971,,
0.01936,,
0.02142,,
0.01954,,
0.01965,,
0.02098,,
0.01948,,
0.02056,,
0.01859,,
0.02288,,
0.01915,,
0.02028,,
0.02007,,
0.01947,,
0.01849,,
0.01887,,
0.02008,,
0.02276,,
0.01965,,
0.02082,,
0.01999,,
0.02048,,
0.01962,,
0.02077,,
0.02183,,
0.02245,,
0.01971,,
0.01936,,
0.01879,,
0.02009,,
0.02005,,
0.0203,,
0.01926,,
0.02004,,
0.02017,,
0.02541,,
0.02067,,
0.02002,,
0.02027,,
0.0207,,
0.02189,,
0.01999,,
0.02184,,
0.03487,,
0.02062,,
0.02047,,
0.02051,,
0.02082,,
0.02091,,
0.05524,,
0.0268,,
0.03644,,
0.13621,,
0.03368,,
0.03456,,
0.04737,,
0.0361,,
0.02195,,
0.02298,,
0.02278,,
0.02379,,
0.03428,,
0.02386,,
0.06031,,
0.05284,,
0.05602,,
0.03479,,
0.02175,,
0.03572,,
0.05935,,
0.04009,,
0.02098,,
0.02351,,
0.04204,,
0.12224,,
0.21437,,
0.21852,,
0.18507,,
0.20069,,
0.22223,,
0.18934,,
0.23941,,
0.21235,,
0.20634,,
0.1056,,
0.20555,,
0.07825,,
0.08542,,
0.06087,,
0.02627,,
0.12326,,
0.05865,,
0.03846,,
0.08408,,
0.02073,,
0.02276,,
0.02444,,
0.07365,,
0.03843,,
0.0344,,
0.03039,,
0.17212,,
0.0249,,
0.02216,,
0.02145,,
0.02176,,
0.02196,,
0.0343,,
0.05792,,
0.06043,,
0.0572,,
0.05285,,
0.02432,,
0.01898,,
0.02081,,
0.02014,,
0.02158,,
0.02038,,
0.02513,,
0.0213,,
0.01958,,
0.02377,,
0.02619,,
0.02159,,
0.02132,,
0.01972,,
0.01901,,
0.01978,,
0.02548,,
0.02507,,
0.02227,,
0.02005,,
0.02493,,
0.02019,,
0.02123,,
0.02099,,
0.02087,,
0.02073,,
0.02442,,
0.02386,,
0.01878,,
0.01955,,
0.02048,,
0.02134,,
0.02036,,
0.02107,,
0.02319,,
0.01835,,
0.01944,,
0.01837,,
0.01965,,
0.02029,,
0.01932,,
0.01922,,
0.023,,
0.02117,,
0.01857,,
0.02212,,
0.0194,,
0.01916,,
0.0299,,
0.02032,,
0.01871,,
0.0197,,
0.02488,,
0.02146,,
0.02048,,
0.02047,,
0.0221,,
0.02117,,
0.0244,,
0.05329,,
0.05034,,
0.02472,,
0.0615,,
0.04825,,
0.09102,,
0.05043,,
0.06602,,
0.02637,,
0.06188,,
0.02701,,
0.05153,,
0.07513,,
0.02416,,
0.07558,,
0.04516,,
0.05749,,
0.06773,,
0.05625,,
0.04931,,
0.06577,,
0.04944,,
0.03873,,
0.02672,,
0.02419,,
0.11576,,
0.0402,,
0.02559,,
0.0541,,
0.02195,,
0.02198,,
0.02211,,
0.0217,,
0.03382,,
0.02271,,
0.05904,,
0.02666,,
0.04772,,
0.02924,,
0.04812,,
0.02073,,
0.08358,,
0.02346,,
0.03208,,
0.06228,,
0.03351,,
0.02106,,
0.07909,,
0.0712,,
0.03273,,
0.03063,,
0.0291,,
0.06013,,
0.09105,,
0.02265,,
0.03489,,
0.08086,,
0.02295,,
0.04799,,
0.02083,,
0.03427,,
0.08461,,
0.1149,,
0.08823,,
0.03543,,
0.07719,,
0.02146,,
0.02213,,
0.0576,,
0.057,,
0.04003,,
0.07827,,
0.02456,,
0.06228,,
0.09599,,
0.15645,,
0.05034,,
0.0511,,
0.04583,,
0.02608,,
0.03987,,
0.07777,,
0.02189,,
0.0213,,
0.04948,,
0.09217,,
0.07949,,
0.04589,,
0.07153,,
0.02222,,
0.07103,,
0.08228,,
0.08337,,
0.05821,,
0.04154,,
0.08098,,
0.08126,,
0.04329,,
0.0876,,
0.0499,,
0.09389,,
0.19324,,
0.04978,,
0.03655,,
0.09725,,
0.02266,,
0.05827,,
0.08608,,
0.02265,,
0.02283,,
0.02203,,
0.02241,,
0.0222,,
0.02294,,
0.02183,,
0.02638,,
0.0203,,
0.01965,,
0.02099,,
0.03134,,
0.0247,,
0.0238,,
0.02082,,
0.02342,,
0.02239,,
0.02292,,
0.02076,,
0.02054,,
0.01972,,
0.02189,,
0.02634,,
0.029,,
0.02039,,
0.02659,,
0.01956,,
0.02586,,
0.02191,,
0.02148,,
0.02064,,
0.02075,,
0.01976,,
0.02077,,
0.02014,,
0.02036,,
0.02024,,
0.02304,,
0.02215,,
0.02693,,
0.02272,,
0.02298,,
0.02229,,
0.02856,,
0.02098,,
0.0208,,
0.02054,,
0.0215,,
0.02039,,
0.02222,,
0.02174,,
0.0228,,
0.02234,,
0.02478,,
0.02452,,
0.0251,,
0.01966,,
0.02073,,
0.02034,,
0.0212,,
0.0223,,
0.0246,,
0.01993,,
0.02082,,
0.02008,,
0.02272,,
0.02883,,
0.02523,,
0.02013,,
0.02042,,
0.02116,,
0.02234,,
0.02046,,
0.02088,,
0.01998,,
0.02145,,
0.02303,,
0.02218,,
0.02233,,
0.02839,,
0.02218,,
0.03927,,
0.02643,,
0.05423,,
0.03007,,
0.19434,,
0.0531,,
0.09438,,
0.06018,,
0.05626,,
0.02129,,
0.02215,,
0.03111,,
0.02026,,
0.0218,,
0.02223,,
0.02278,,
0.02256,,
0.07399,,
0.02614,,
0.02249,,
0.02116,,
0.0209,,
0.0198,,
0.0204,,
0.02695,,
0.02704,,
0.07469,,
0.02031,,
0.02133,,
0.0214,,
0.01921,,
0.02052,,
0.02777,,
0.02235,,
0.02302,,
0.02224,,
0.02177,,
0.02854,,
0.02334,,
0.0272,,
0.0205,,
0.02016,,
0.02411,,
0.02262,,
0.02135,,
0.02238,,
0.02176,,
0.02168,,
0.02142,,
0.02047,,
0.02098,,
0.02724,,
0.06392,,
0.02933,,
0.02536,,
0.09005,,
0.06232,,
0.02508,,
0.02066,,
0.02636,,
0.02204,,
0.0253,,
0.08253,,
0.04626,,
0.02227,,
0.02264,,
0.02766,,
0.02228,,
0.02632,,
0.0301,,
0.02331,,
0.02191,,
0.02116,,
0.02008,,
0.02102,,
0.02018,,
0.02056,,
0.0233,,
0.0213,,
0.01996,,
0.02058,,
0.01987,,
0.02059,,
0.01987,,
0.02929,,
0.0263,,
0.02153,,
0.02013,,
0.02008,,
0.02078,,
0.02268,,
0.02681,,
0.02458,,
0.02154,,
0.02128,,
0.01977,,
0.02086,,
0.02048,,
0.02241,,
0.02114,,
0.02111,,
0.02506,,
0.0248,,
0.02196,,
0.02246,,
0.02444,,
0.02264,,
0.02507,,
0.02201,,
0.0221,,
0.0231,,
0.02292,,
0.04831,,
0.05995,,
0.04269,,
0.02145,,
0.02124,,
0.02179,,
0.02623,,
0.24447,,
0.04091,,
0.03429,,
0.03762,,
0.02824,,
0.03628,,
0.02172,,
0.02344,,
0.0195,,
0.02156,,
0.02241,,
0.02272,,
0.02274,,
0.02354,,
0.02737,,
0.02235,,
0.02322,,
0.02283,,
0.02253,,
0.02206,,
0.02093,,
0.02503,,
0.02658,,
0.02126,,
0.0205,,
0.0223,,
0.02371,,
0.02142,,
0.02267,,
0.02277,,
0.0222,,
0.02329,,
0.02692,,
0.0229,,
0.02225,,
0.0258,,
0.02069,,
0.02076,,
0.02198,,
0.02265,,
0.02118,,
0.03693,,
0.13229,,
0.02107,,
0.02185,,
0.02497,,
0.02159,,
0.03619,,
0.03544,,
0.04088,,
0.02351,,
0.04499,,
0.02039,,
0.02273,,
0.02315,,
0.02273,,
0.05458,,
0.05125,,
0.04133,,
0.03312,,
0.02256,,
0.04028,,
0.03541,,
0.0213,,
0.03175,,
0.0463,,
0.02281,,
0.02258,,
0.02215,,
0.02235,,
0.02254,,
0.02308,,
0.02251,,
0.02248,,
0.02265,,
0.02442,,
0.02157,,
0.02452,,
0.03938,,
0.02315,,
0.02698,,
0.0222,,
0.02161,,
0.02592,,
0.03306,,
0.06624,,
0.03846,,
0.0344,,
0.03516,,
0.03711,,
0.02668,,
0.13165,,
0.09031,,
0.02603,,
0.04078,,
0.02048,,
0.02067,,
0.0235,,
0.04774,,
0.03393,,
0.05158,,
0.06146,,
0.05657,,
0.03694,,
0.01999,,
0.0191,,
0.02257,,
0.02095,,
0.02022,,
0.02109,,
0.02192,,
0.0232,,
0.02158,,
0.02211,,
0.02293,,
0.02247,,
0.02173,,
0.02043,,
0.0211,,
0.02187,,
0.02466,,
0.02041,,
0.02231,,
0.02275,,
0.03397,,
0.04864,,
0.02884,,
0.04028,,
0.03248,,
0.0305,,
0.02149,,
0.0258,,
0.34205,,
0.02229,,
0.05443,,
0.03657,,
0.03664,,
0.04503,,
0.05136,,
0.07326,,
0.04087,,
0.02777,,
0.11165,,
0.02762,,
0.02104,,
0.04345,,
0.07196,,
0.03556,,
0.04787,,
0.0401,,
0.04905,,
0.02306,,
0.03505,,
0.03809,,
0.03961,,
0.0391,,
0.04136,,
0.06678,,
0.17979,,
2.03607,,
0.07154,,
0.10736,,
0.05637,,
0.0205,,
0.01947,,
0.02005,,
0.01998,,
0.02239,,
0.05422,,
0.01991,,
0.01912,,
0.01963,,
0.02016,,
0.02249,,
0.02181,,
0.05373,,
0.01957,,
0.02288,,
0.02071,,
0.02101,,
0.01973,,
0.02056,,
0.02059,,
0.02068,,
0.02056,,
0.02018,,
0.02069,,
0.02242,,
0.0204,,
0.02313,,
0.02135,,
0.02662,,
0.02148,,
0.02238,,
0.0211,,
0.02001,,
0.02099,,
0.02194,,
0.02104,,
0.02109,,
0.02059,,
0.02224,,
0.02007,,
0.0239,,
0.0215,,
0.02156,,
0.01961,,
0.02002,,
0.02089,,
0.02363,,
0.01917,,
0.01981,,
0.02095,,
0.02147,,
0.02108,,
0.01974,,
0.0208,,
0.02354,,
0.02013,,
0.02723,,
0.02151,,
0.02103,,
0.02156,,
0.02208,,
0.02172,,
0.02071,,
0.02054,,
0.02792,,
0.01972,,
0.0205,,
0.01998,,
0.02555,,
0.02094,,
0.02279,,
0.02214,,
0.0425,,
0.02173,,
0.02234,,
0.03753,,
0.07628,,
0.03442,,
0.02226,,
0.0564,,
0.06368,,
0.035,,
0.02174,,
0.02466,,
0.05214,,
0.05435,,
0.03404,,
0.02084,,
0.02027,,
0.02073,,
0.02083,,
0.02644,,
0.02023,,
0.043,,
0.03408,,
0.03096,,
0.03596,,
0.06087,,
0.0396,,
0.02463,,
0.01962,,
0.02062,,
0.01965,,
0.02215,,
0.02505,,
0.06746,,
0.03662,,
0.01971,,
0.0201,,
0.02265,,
0.02009,,
0.02042,,
0.02138,,
0.02119,,
0.02822,,
0.02258,,
0.01985,,
0.0218,,
0.02458,,
0.02163,,
0.0196,,
0.03823,,
0.0227,,
0.02176,,
0.02092,,
0.02206,,
0.0212,,
0.02156,,
0.02195,,
0.02183,,
0.0244,,
0.02176,,
0.02617,,
0.02063,,
0.02161,,
0.02356,,
0.02045,,
0.02147,,
0.01926,,
0.02189,,
0.02262,,
0.02159,,
0.0254,,
0.02189,,
0.02192,,
0.02193,,
0.02172,,
0.02156,,
0.02003,,
0.02191,,
0.02316,,
0.02025,,
0.02018,,
0.02073,,
0.02115,,
0.02212,,
0.02156,,
0.02163,,
0.0228,,
0.02165,,
0.01959,,
0.02093,,
0.02163,,
0.0215,,
0.01927,,
0.02117,,
0.02216,,
0.02128,,
0.02711,,
0.02049,,
0.02488,,
0.02013,,
0.02083,,
0.0206,,
0.02121,,
0.02237,,
0.02149,,
0.02159,,
0.0195,,
0.02239,,
0.02321,,
0.02152,,
0.02049,,
0.02087,,
0.02349,,
0.02337,,
0.02346,,
0.02148,,
0.0194,,
0.02152,,
0.02336,,
0.02243,,
0.02212,,
0.02677,,
0.08493,,
0.06559,,
0.1491,,
0.02999,,
0.04233,,
0.03752,,
0.02029,,
0.03815,,
0.0542,,
0.04632,,
0.02315,,
0.02355,,
0.0525,,
0.0216,,
0.02182,,
0.02099,,
0.02189,,
0.02116,,
0.02524,,
0.02305,,
0.02481,,
0.02295,,
0.02307,,
0.0232,,
0.02367,,
0.02683,,
0.04613,,
0.10819,,
0.06348,,
0.04229,,
0.02206,,
0.0202,,
0.02183,,
0.02482,,
0.0207,,
0.02457,,
0.04204,,
0.02642,,
0.02442,,
0.0226,,
0.02363,,
0.0236,,
0.04115,,
0.02583,,
0.08241,,
0.03217,,
0.02317,,
0.04809,,
0.05202,,
0.05591,,
0.0667,,
0.03779,,
0.10612,,
8.063,,
0.03465,,
0.0253,,
0.08159,,
0.0577,,
0.09116,,
0.0298,,
0.05013,,
0.02662,,
0.04881,,
0.02759,,
0.02392,,
0.05675,,
0.0658,,
0.02457,,
0.02774,,
0.03988,,
0.04076,,
0.02621,,
0.12656,,
5.73471,,
0.02219,,
0.0238,,
0.03246,,
1.35067,,
0.10747,,
0.09547,,
0.08263,,
0.02363,,
0.02094,,
0.0218,,
0.02708,,
0.06718,,
0.06271,,
0.04572,,
0.02054,,
0.01977,,
0.02209,,
0.02174,,
0.16419,,
0.0298,,
0.12425,,
0.0194,,
0.01984,,
0.0214,,
0.02076,,
0.024,,
0.02102,,
0.07212,,
0.03585,,
0.05643,,
0.05554,,
0.04862,,
0.12432,,
0.03158,,
0.06702,,
0.05493,,
0.0336,,
0.06095,,
0.06266,,
0.05781,,
0.06134,,
0.0274,,
0.03292,,
0.02139,,
0.02031,,
0.08042,,
0.09143,,
0.01917,,
0.02092,,
0.01884,,
0.01973,,
0.02022,,
0.02008,,
0.0232,,
0.02373,,
0.01979,,
0.02149,,
0.01942,,
0.04959,,
0.02056,,
0.01925,,
0.02083,,
0.02347,,
0.02236,,
0.01942,,
0.0186,,
0.02157,,
0.02171,,
0.02022,,
0.02442,,
0.02127,,
0.02045,,
0.02043,,
0.02424,,
0.25064,,
0.04267,,
0.07044,,
0.05092,,
0.05674,,
0.0476,,
0.05513,,
0.09772,,
0.03311,,
0.12998,,
0.09774,,
0.17294,,
0.0806,,
0.0491,,
0.03616,,
0.0396,,
0.0208,,
0.0395,,
0.04664,,
0.02056,,
0.0285,,
0.21476,,
0.03837,,
0.05137,,
0.02322,,
0.05813,,
0.19924,,
0.16053,,
0.17061,,
0.2549,,
0.13093,,
0.28442,,
0.25684,,
0.38531,,
0.03294,,
0.03419,,
0.02246,,
0.02794,,
0.0217,,
0.02214,,
0.0248,,
0.02221,,
0.02267,,
0.02559,,
0.02999,,
0.02537,,
0.02526,,
0.02221,,
0.02662,,
0.03288,,
0.02266,,
0.02295,,
0.02599,,
0.02834,,
0.06335,,
0.0335,,
0.02186,,
0.02445,,
0.02132,,
0.02568,,
0.02247,,
0.02599,,
0.02974,,
0.02281,,
0.02814,,
0.02179,,
0.02341,,
0.02503,,
0.02288,,
0.0206,,
0.02526,,
0.02183,,
0.02283,,
0.02579,,
0.02385,,
0.02272,,
0.02891,,
0.02249,,
0.02306,,
0.03081,,
0.02557,,
0.02191,,
0.02717,,
0.02411,,
0.02446,,
0.02679,,
0.02332,,
0.02273,,
0.02629,,
0.02229,,
0.03184,,
0.02782,,
0.02259,,
0.02285,,
0.02682,,
0.02261,,
0.0242,,
0.03138,,
0.02938,,
0.02673,,
0.13282,,
0.0504,,
0.04056,,
0.02815,,
0.17643,,
0.91731,,
0.02041,,
0.02162,,
0.02264,,
0.02118,,
0.01925,,
0.02123,,
0.02217,,
0.02284,,
0.02234,,
0.02352,,
0.02665,,
0.02251,,
0.02694,,
0.02287,,
0.02244,,
0.02268,,
0.02169,,
0.02225,,
0.02014,,
0.02039,,
0.0195,,
0.01958,,
0.01956,,
0.02069,,
0.02257,,
0.02743,,
0.03408,,
0.19045,,
0.02477,,
0.03721,,
0.03652,,
0.03678,,
0.02243,,
0.02132,,
0.03413,,
0.03579,,
0.03459,,
0.03466,,
0.03702,,
0.02183,,
0.03501,,
0.03551,,
0.03961,,
0.05344,,
0.47763,,
0.0199,,
0.01949,,
0.0206,,
0.02287,,
0.02012,,
0.01962,,
0.02052,,
0.01976,,
0.02038,,
0.02462,,
0.02036,,
0.02545,,
0.02014,,
0.02015,,
0.02171,,
0.02342,,
0.09317,,
0.80785,,
0.02217,,
0.02154,,
0.02316,,
0.0211,,
0.02162,,
0.02151,,
0.02167,,
0.02095,,
0.02331,,
0.02092,,
0.02557,,
0.02232,,
0.02161,,
0.02102,,
0.0232,,
0.02691,,
0.33871,,
0.04686,,
0.05419,,
0.02186,,
0.0229,,
0.02094,,
0.02989,,
0.02225,,
0.02253,,
0.02241,,
0.02295,,
0.02168,,
0.02284,,
0.02209,,
0.02324,,
0.02148,,
0.02229,,
0.02711,,
0.02372,,
0.02277,,
0.02958,,
0.12565,,
0.02151,,
0.01967,,
0.02045,,
0.0198,,
0.04028,,
0.05899,,
0.05787,,
0.02368,,
0.026,,
0.07581,,
0.02215,,
0.03467,,
0.02378,,
0.02131,,
0.02143,,
0.02791,,
0.03688,,
0.08735,,
0.05733,,
0.05568,,
0.02711,,
0.05823,,
0.08842,,
0.04946,,
0.05965,,
0.06209,,
0.07072,,
0.0657,,
0.03639,,
0.02223,,
0.02199,,
0.0228,,
0.03912,,
0.02304,,
0.02756,,
0.03691,,
0.02244,,
0.03902,,
0.0277,,
0.03158,,
0.18103,,
0.04382,,
0.033,,
0.02337,,
0.02659,,
0.05841,,
0.03238,,
0.0215,,
0.02193,,
0.04102,,
0.06864,,
0.06258,,
0.02215,,
0.02758,,
0.02392,,
0.02739,,
0.0219,,
0.02352,,
0.02802,,
0.07095,,
0.03697,,
0.04471,,
0.05444,,
0.02252,,
0.02218,,
0.02125,,
0.02156,,
0.01968,,
0.02064,,
0.02492,,
0.02057,,
0.02335,,
0.02157,,
0.02097,,
0.02024,,
0.01942,,
0.02198,,
0.02277,,
0.02225,,
0.02181,,
0.02199,,
0.02174,,
0.02155,,
0.02105,,
0.0224,,
0.06077,,
0.03503,,
0.04218,,
0.06041,,
0.03984,,
0.06653,,
0.06365,,
0.05233,,
0.09176,,
0.05246,,
0.03073,,
0.01935,,
0.01973,,
0.01973,,
0.01946,,
0.01938,,
0.02016,,
0.02132,,
0.02008,,
0.02067,,
0.01977,,
0.02039,,
0.01981,,
0.02107,,
0.02048,,
0.02181,,
0.02517,,
0.02235,,
0.05703,,
0.05389,,
0.03362,,
0.03434,,
0.03522,,
0.03003,,
0.05647,,
0.03843,,
0.03391,,
0.03721,,
0.04786,,
0.02666,,
0.07622,,
0.12012,,
0.02423,,
0.04873,,
0.07591,,
0.01999,,
0.02119,,
0.02098,,
0.02138,,
0.02328,,
0.02121,,
0.02008,,
0.01996,,
0.02502,,
0.02449,,
0.02514,,
0.02051,,
0.0204,,
0.02185,,
0.02405,,
0.02125,,
0.021,,
0.02562,,
0.02148,,
0.0219,,
0.0199,,
0.02224,,
0.0224,,
0.02146,,
0.02055,,
0.02113,,
0.02204,,
0.02003,,
0.01911,,
0.02021,,
0.01929,,
0.02131,,
0.02547,,
0.02064,,
0.02126,,
0.02043,,
0.02269,,
0.01967,,
0.01909,,
0.0206,,
0.01989,,
0.02097,,
0.01984,,
0.01947,,
0.02001,,
0.02202,,
0.02084,,
0.0217,,
0.02102,,
0.02948,,
0.02623,,
0.02493,,
0.01985,,
0.02024,,
0.02055,,
0.0217,,
0.02063,,
0.02115,,
0.02004,,
0.02239,,
0.02101,,
0.02075,,
0.01884,,
0.01759,,
0.02388,,
0.01915,,
0.01986,,
0.02054,,
0.0294,,
0.02085,,
0.0202,,
0.02094,,
0.0215,,
0.02104,,
0.02102,,
0.02074,,
0.02049,,
0.02114,,
0.02216,,
0.02171,,
0.01998,,
0.01951,,
0.01967,,
0.01923,,
0.02039,,
0.01947,,
0.02446,,
0.01942,,
0.02028,,
0.02047,,
0.02059,,
0.02109,,
0.02281,,
0.02034,,
0.01941,,
0.02058,,
0.02038,,
0.02126,,
0.01962,,
0.02081,,
0.01945,,
0.02093,,
0.02062,,
0.02135,,
0.02623,,
0.0207,,
0.02318,,
0.02198,,
0.02,,
0.02147,,
0.0203,,
0.01976,,
0.02134,,
0.01912,,
0.01997,,
0.02144,,
0.01951,,
0.02139,,
0.02188,,
0.02421,,
0.0282,,
0.0239,,
0.04437,,
0.04566,,
0.0229,,
0.09075,,
0.39809,,
0.01848,,
0.01902,,
0.01852,,
0.01901,,
0.01907,,
0.01901,,
0.0192,,
0.01901,,
0.0196,,
0.01884,,
0.019,,
0.01943,,
0.01891,,
0.0204,,
0.02241,,
0.04267,,
0.04638,,
0.47985,,
0.01935,,
0.02078,,
0.02127,,
0.02257,,
0.02035,,
0.01971,,
0.02125,,
0.0207,,
0.02135,,
0.01951,,
0.02039,,
0.02065,,
0.02168,,
0.02082,,
0.02272,,
0.05627,,
0.06085,,
0.06421,,
0.02144,,
0.05752,,
0.05496,,
0.03889,,
0.04179,,
0.03605,,
0.04376,,
0.0219,,
0.0211,,
0.019,,
0.01904,,
0.01984,,
0.02013,,
0.01974,,
0.01982,,
0.02003,,
0.02027,,
0.0207,,
0.02057,,
0.02075,,
0.02047,,
0.01987,,
0.02351,,
0.02074,,
0.0201,,
0.02045,,
0.02144,,
0.02239,,
0.02282,,
0.02304,,
0.07111,,
0.0356,,
0.05614,,
0.03769,,
0.0267,,
0.06009,,
0.05606,,
0.05202,,
0.05425,,
0.03239,,
0.03279,,
0.03437,,
0.03743,,
0.03508,,
0.02132,,
0.03398,,
0.03407,,
0.03475,,
0.03532,,
0.03467,,
0.03498,,
0.03409,,
0.03555,,
0.03603,,
0.02422,,
0.03305,,
0.10347,,
0.03355,,
0.11913,,
0.0239,,
0.02992,,
0.09148,,
0.02141,,
0.01932,,
0.01964,,
0.02103,,
0.02336,,
0.02121,,
0.02147,,
0.02274,,
0.02228,,
0.02294,,
0.02198,,
0.0207,,
0.02125,,
0.02123,,
0.01921,,
0.02162,,
0.02144,,
0.02156,,
0.02236,,
0.02256,,
0.02087,,
0.02229,,
0.02006,,
0.02151,,
0.02129,,
0.02212,,
0.02442,,
0.04724,,
0.13373,,
0.10745,,
0.04082,,
0.02788,,
0.09822,,
0.02025,,
0.06245,,
0.08135,,
0.03586,,
0.25137,,
0.18096,,
0.0247,,
0.02031,,
0.02099,,
0.0261,,
0.0208,,
0.02186,,
0.04093,,
0.01952,,
0.02047,,
0.02251,,
0.02189,,
0.02807,,
0.02376,,
0.02137,,
0.0216,,
0.02101,,
0.02112,,
0.02065,,
0.02064,,
0.02308,,
0.02192,,
0.02233,,
0.02101,,
0.02085,,
0.0195,,
0.02135,,
0.01898,,
0.0209,,
0.0296,,
0.02897,,
0.02078,,
0.02091,,
0.02128,,
0.01983,,
0.02036,,
0.02347,,
0.0202,,
0.02227,,
0.0674,,
0.06905,,
0.03069,,
0.10272,,
0.0393,,
0.04927,,
0.0208,,
0.02378,,
0.0708,,
0.04043,,
0.08571,,
0.02775,,
0.03445,,
0.01972,,
0.02065,,
0.02138,,
0.05261,,
0.06613,,
0.06332,,
0.06041,,
0.04831,,
0.05541,,
0.01923,,
0.01919,,
0.03452,,
0.02127,,
0.0262,,
0.02383,,
0.0211,,
0.02201,,
0.02133,,
0.02366,,
0.02245,,
0.02049,,
0.02168,,
0.0207,,
0.02004,,
0.02085,,
0.02569,,
0.02133,,
0.02143,,
0.02122,,
0.02296,,
0.02096,,
0.02207,,
0.02156,,
0.02237,,
0.0194,,
0.01992,,
0.02425,,
0.02394,,
0.02315,,
0.05817,,
0.026,,
0.03329,,
0.02389,,
0.02086,,
0.04291,,
0.02028,,
0.02501,,
0.04351,,
0.04499,,
0.02678,,
0.11631,,
0.04832,,
0.02343,,
0.04752,,
0.13023,,
0.05119,,
0.03308,,
0.05224,,
0.11163,,
0.02383,,
0.03191,,
0.02301,,
0.04275,,
0.07356,,
0.03068,,
0.09138,,
0.02189,,
0.02719,,
0.09574,,
0.04126,,
0.06771,,
0.03634,,
0.06443,,
0.02238,,
0.02438,,
0.02275,,
0.02294,,
0.02372,,
0.02241,,
0.02242,,
0.02067,,
0.02422,,
0.02036,,
0.01996,,
0.02005,,
0.02168,,
0.05046,,
0.02887,,
0.05469,,
0.0295,,
0.02261,,
0.02284,,
0.02194,,
0.02207,,
0.02212,,
0.04095,,
0.02076,,
0.02297,,
0.03391,,
0.04695,,
0.02577,,
0.07873,,
0.02451,,
0.02301,,
0.02017,,
0.02596,,
0.11895,,
0.3923,,
0.10466,,
0.16053,,
0.0318,,
0.0232,,
0.02379,,
0.02163,,
0.02252,,
0.02441,,
0.02555,,
0.0237,,
0.05574,,
0.02955,,
0.02918,,
0.03784,,
0.02607,,
0.04078,,
0.28326,,
0.14381,,
0.07821,,
0.02371,,
0.02439,,
0.03206,,
0.08658,,
0.10881,,
0.3363,,
0.05423,,
0.53604,,
0.01966,,
0.0221,,
0.0286,,
0.02142,,
0.02006,,
0.01915,,
0.02,,
0.02145,,
0.01833,,
0.02051,,
0.02074,,
0.04114,,
0.03509,,
0.03791,,
0.02025,,
0.02947,,
0.06123,,
0.06229,,
0.03482,,
0.0457,,
0.0446,,
0.03682,,
0.02015,,
0.02014,,
0.02132,,
0.02883,,
0.02286,,
0.0219,,
0.02194,,
0.0219,,
0.02073,,
0.02652,,
0.02204,,
0.04066,,
0.05983,,
0.02819,,
0.02118,,
0.02125,,
0.02064,,
0.02169,,
0.02138,,
0.06137,,
0.02098,,
0.02139,,
0.02686,,
0.05047,,
0.13188,,
0.02534,,
0.0668,,
0.02636,,
0.03775,,
0.02456,,
0.02439,,
0.08936,,
0.04265,,
0.0469,,
0.03671,,
0.02978,,
0.1005,,
0.0241,,
0.0634,,
0.03465,,
0.02567,,
0.02271,,
0.02101,,
0.02154,,
0.02286,,
0.10037,,
0.07053,,
0.02586,,
0.05871,,
0.05284,,
0.07015,,
12.59656,,
0.04852,,
0.02182,,
0.02122,,
0.03068,,
0.04378,,
0.06086,,
0.03845,,
0.03302,,
0.07022,,
0.06292,,
0.02075,,
0.04119,,
0.02004,,
0.02193,,
0.02092,,
0.02858,,
0.08071,,
0.11584,,
0.02038,,
0.02043,,
0.02185,,
0.02201,,
0.03533,,
0.06298,,
0.06546,,
0.04249,,
0.03897,,
0.0654,,
0.07942,,
0.04941,,
0.0343,,
0.05587,,
0.05348,,
0.02217,,
0.02275,,
0.05362,,
6.87826,,
0.0513,,
0.02427,,
0.02576,,
0.02437,,
0.04557,,
0.04704,,
0.04209,,
0.09759,,
0.06659,,
0.05571,,
0.08473,,
0.07026,,
0.06102,,
0.06427,,
0.13191,,
0.02251,,
0.02405,,
0.02246,,
0.02667,,
0.13775,,
0.0321,,
0.0312,,
0.04122,,
0.05673,,
0.05698,,
0.05388,,
0.02523,,
0.03884,,
0.07232,,
0.03062,,
0.03941,,
0.0216,,
0.02901,,
0.06121,,
0.02163,,
0.02467,,
0.02005,,
0.02495,,
0.05653,,
0.03927,,
0.10187,,
0.06798,,
0.07389,,
0.03673,,
0.02234,,
0.02478,,
0.0303,,
0.07078,,
0.05192,,
0.05761,,
0.11815,,
0.0251,,
0.02969,,
0.05729,,
0.05124,,
0.07611,,
0.09475,,
0.08371,,
0.02122,,
0.02099,,
0.02138,,
0.02162,,
0.02771,,
0.03639,,
0.02242,,
0.04975,,
0.06232,,
0.10851,,
0.082,,
0.02606,,
0.03012,,
0.06999,,
0.07328,,
0.05712,,
0.08166,,
0.07938,,
0.06258,,
0.08399,,
0.05008,,
0.02823,,
0.02677,,
0.02876,,
0.04398,,
0.0744,,
0.07811,,
0.07836,,
0.02707,,
0.09735,,
0.02228,,
0.04515,,
0.03975,,
0.04603,,
0.06074,,
0.02962,,
0.03571,,
0.05834,,
0.0474,,
0.04857,,
0.03177,,
0.02811,,
0.02854,,
0.04408,,
0.04824,,
0.0234,,
0.05999,,
0.05553,,
0.03198,,
0.05944,,
0.05194,,
0.02484,,
0.03111,,
0.02627,,
0.03338,,
0.03688,,
0.05385,,
0.09011,,
0.04646,,
0.07643,,
0.07325,,
0.04714,,
0.05494,,
0.0559,,
0.04464,,
0.02363,,
0.10288,,
0.07704,,
0.04396,,
0.0301,,
0.02858,,
0.07929,,
0.02761,,
0.02688,,
0.02624,,
0.02326,,
0.02387,,
0.04099,,
0.07553,,
0.0518,,
0.02864,,
0.02715,,
0.03077,,
0.03375,,
0.06266,,
0.06289,,
0.07605,,
0.04347,,
0.04331,,
0.0301,,
0.02329,,
0.02876,,
0.07241,,
0.0376,,
0.05939,,
0.0458,,
0.02435,,
0.04147,,
0.05026,,
0.02563,,
0.03127,,
0.10303,,
0.031,,
0.05032,,
0.0292,,
0.03222,,
0.06651,,
0.10358,,
0.1069,,
0.03383,,
0.0398,,
0.03391,,
0.05945,,
0.07555,,
0.03114,,
0.05454,,
0.09533,,
0.05848,,
0.10351,,
0.01991,,
0.05951,,
0.05062,,
0.02814,,
0.03189,,
0.0261,,
0.05434,,
0.02383,,
0.03493,,
0.0217,,
0.03108,,
0.06995,,
0.07888,,
0.05996,,
0.04908,,
0.02797,,
0.03317,,
0.04426,,
0.03333,,
0.03733,,
0.02544,,
0.0723,,
0.04464,,
0.06474,,
0.03003,,
0.23863,,
0.08228,,
0.02207,,
0.02508,,
0.04611,,
0.1137,,
0.02482,,
0.03245,,
0.05817,,
0.02949,,
0.01942,,
0.01992,,
0.02041,,
0.02017,,
0.02627,,
0.02106,,
0.02005,,
0.02465,,
0.03995,,
0.03674,,
0.06984,,
0.03754,,
0.02363,,
0.04167,,
0.0207,,
0.02098,,
0.04731,,
0.03035,,
0.03781,,
0.05699,,
0.47849,,
0.02037,,
0.01991,,
0.02171,,
0.01945,,
0.01988,,
0.02093,,
0.01864,,
0.02474,,
0.02114,,
0.02105,,
0.02595,,
0.02038,,
0.02222,,
0.01986,,
0.02202,,
0.02298,,
0.23839,,
0.02962,,
0.05638,,
0.05851,,
0.05489,,
0.04603,,
0.02031,,
0.02145,,
0.02184,,
0.02123,,
0.02086,,
0.01936,,
0.02032,,
0.02109,,
0.02029,,
0.01976,,
0.02128,,
0.0229,,
0.02078,,
0.02386,,
0.02019,,
0.01957,,
0.02053,,
0.02014,,
0.022,,
0.02453,,
0.02021,,
0.02646,,
0.02445,,
0.02016,,
0.01957,,
0.0344,,
0.02545,,
0.02465,,
0.02539,,
0.02274,,
0.02368,,
0.02767,,
0.0253,,
0.0222,,
0.02383,,
0.02585,,
0.02748,,
0.07589,,
0.11363,,
0.07217,,
0.02649,,
0.04437,,
0.04846,,
0.03119,,
0.07926,,
0.03377,,
0.04695,,
0.05512,,
0.03998,,
0.05434,,
0.05922,,
0.05981,,
0.07716,,
0.02406,,
0.02345,,
0.02832,,
0.02678,,
0.04181,,
0.06709,,
0.02631,,
0.06101,,
0.05315,,
0.07012,,
0.02727,,
0.02741,,
0.02684,,
0.02759,,
0.02558,,
0.02577,,
0.03247,,
0.03888,,
0.0268,,
0.05258,,
0.0812,,
0.0677,,
0.05381,,
0.03385,,
0.07298,,
0.03465,,
0.07688,,
0.02797,,
0.02464,,
0.04418,,
0.03612,,
0.09578,,
0.02817,,
0.05948,,
0.09569,,
0.06605,,
0.10328,,
0.16044,,
0.27384,,
