0.10296,,
0.10382,,
0.10071,,
0.087,,
0.10331,,Total:
0.08986,,1197.01443
0.09685,,
0.10164,,Media:
0.10476,,99.7512025
0.13701,,
0.09126,,
0.0984,,Desvio Padraﬁo:
0.12037,,0.29099151691513
0.1031,,
0.11165,,
0.09022,,
0.09076,,
0.13649,,
0.09121,,
0.09355,,
0.10424,,
0.10551,,
0.1045,,
0.08508,,
0.10345,,
0.08806,,
0.10832,,
0.10292,,
0.12087,,
0.10188,,
0.12537,,
0.10927,,
0.11975,,
0.1416,,
0.17971,,
0.11905,,
0.09038,,
0.09838,,
0.12033,,
0.10485,,
0.12739,,
0.11258,,
0.10376,,
0.10215,,
0.10792,,
0.11462,,
0.14491,,
0.12161,,
0.12953,,
0.11703,,
0.11731,,
0.10163,,
0.09405,,
0.10993,,
0.10587,,
0.10368,,
0.10789,,
0.11041,,
0.11073,,
0.0962,,
0.13342,,
0.12621,,
0.12623,,
0.1047,,
0.10621,,
0.10615,,
0.10117,,
0.12588,,
0.11776,,
0.10626,,
0.11787,,
0.1071,,
0.11386,,
0.11733,,
0.10688,,
0.13237,,
0.09963,,
0.11185,,
0.11018,,
0.10226,,
0.117,,
0.10867,,
0.09866,,
0.09405,,
0.09993,,
0.09804,,
0.09263,,
0.09149,,
0.10253,,
0.10015,,
0.10004,,
0.0988,,
0.09695,,
0.08044,,
0.10843,,
0.09945,,
0.09039,,
0.10858,,
0.10501,,
0.11434,,
0.09326,,
0.08583,,
0.10793,,
0.09183,,
0.08802,,
0.10088,,
0.08118,,
0.09446,,
0.0897,,
0.08972,,
0.11915,,
0.09985,,
0.0976,,
0.09715,,
0.09683,,
0.10611,,
0.10204,,
0.0916,,
0.09792,,
0.11314,,
0.12959,,
0.09478,,
0.12115,,
0.11134,,
0.11284,,
0.10007,,
0.10779,,
0.11579,,
0.09125,,
0.08977,,
0.1157,,
0.1086,,
0.09949,,
0.10255,,
0.11962,,
0.10149,,
0.10787,,
0.11955,,
0.1302,,
0.1767,,
0.0941,,
0.09382,,
0.09529,,
0.11027,,
0.11957,,
0.11511,,
0.10998,,
0.11181,,
0.0997,,
0.09239,,
0.09128,,
0.10689,,
0.09736,,
0.09114,,
0.09714,,
0.11077,,
0.19145,,
0.09083,,
0.09138,,
0.09801,,
0.09226,,
0.09378,,
0.12016,,
0.10125,,
0.0871,,
0.10259,,
0.09008,,
0.11077,,
0.10059,,
0.1251,,
0.08767,,
0.08982,,
0.10046,,
0.08772,,
0.10145,,
0.0996,,
0.09795,,
0.10944,,
0.09214,,
0.10748,,
0.11176,,
0.10606,,
0.10751,,
0.10972,,
0.09553,,
0.09872,,
0.12233,,
0.11508,,
0.12258,,
0.12968,,
0.09788,,
0.10429,,
0.12919,,
0.1066,,
0.13512,,
0.13263,,
0.09307,,
0.12845,,
0.11227,,
0.11465,,
0.10942,,
0.11903,,
0.10126,,
0.10138,,
0.09327,,
0.09036,,
0.10117,,
0.10147,,
0.1012,,
0.10539,,
0.09701,,
0.08958,,
0.1017,,
0.11804,,
0.1009,,
0.12307,,
0.08694,,
0.09599,,
0.0976,,
0.09614,,
0.10155,,
0.10444,,
0.11494,,
0.09081,,
0.09576,,
0.10312,,
0.08251,,
0.10257,,
0.0892,,
0.08681,,
0.08786,,
0.09687,,
0.10226,,
0.09934,,
0.08704,,
0.0794,,
0.09621,,
0.10399,,
0.08965,,
0.10003,,
0.09977,,
0.09275,,
0.08654,,
0.10082,,
0.09129,,
0.09505,,
0.09743,,
0.097,,
0.10182,,
0.0985,,
0.09707,,
0.11843,,
0.09838,,
0.10175,,
0.09682,,
0.1006,,
0.1028,,
0.09722,,
0.11982,,
0.1393,,
0.0932,,
0.09512,,
0.10049,,
0.1023,,
0.09316,,
0.09373,,
0.10314,,
0.10391,,
0.09349,,
0.09541,,
0.09734,,
0.09811,,
0.12467,,
0.10877,,
0.08599,,
0.09152,,
0.10387,,
0.12631,,
0.1088,,
0.10401,,
0.08659,,
0.08935,,
0.13192,,
0.10268,,
0.10371,,
0.09736,,
0.10471,,
0.09311,,
0.12362,,
0.11157,,
0.10852,,
0.10879,,
0.09412,,
0.09667,,
0.09018,,
0.09855,,
0.11136,,
0.10471,,
0.08956,,
0.09455,,
0.09946,,
0.10805,,
0.09782,,
0.09356,,
0.10174,,
0.08908,,
0.10576,,
0.11301,,
0.10768,,
0.10039,,
0.11021,,
0.09458,,
0.09881,,
0.10637,,
0.08998,,
0.08845,,
0.09056,,
0.08859,,
0.10223,,
0.08924,,
0.09626,,
0.09825,,
0.09938,,
0.09821,,
0.10763,,
0.1045,,
0.10405,,
0.10988,,
0.09072,,
0.09762,,
0.08902,,
0.08476,,
0.10776,,
0.1025,,
0.12871,,
0.10575,,
0.09209,,
0.09555,,
0.09181,,
0.08985,,
0.09296,,
0.09386,,
0.08964,,
0.09684,,
0.09526,,
0.09805,,
0.09896,,
0.09446,,
0.10393,,
0.12454,,
0.12779,,
0.11687,,
0.12212,,
0.10925,,
0.11035,,
0.10846,,
0.13554,,
0.12363,,
0.10931,,
0.14393,,
0.11586,,
0.10724,,
0.37671,,
0.13478,,
0.21531,,
0.0964,,
0.10603,,
0.09818,,
0.28104,,
0.41857,,
0.40059,,
0.1424,,
0.14344,,
0.10352,,
0.09636,,
0.09685,,
0.15429,,
0.24128,,
0.2236,,
0.1533,,
0.16009,,
0.09319,,
0.10399,,
0.09013,,
0.12051,,
0.11078,,
0.12613,,
0.10935,,
0.11079,,
0.12396,,
0.10174,,
0.09533,,
0.11775,,
0.10035,,
0.10388,,
0.10694,,
0.10038,,
0.11035,,
0.10046,,
0.09311,,
0.11142,,
0.10157,,
0.08273,,
0.08877,,
0.10168,,
0.10278,,
0.1011,,
0.11401,,
0.09661,,
0.11348,,
0.10105,,
0.08776,,
0.10221,,
0.09537,,
0.09406,,
0.10529,,
0.10359,,
0.08852,,
0.12149,,
0.0925,,
0.10829,,
0.1033,,
0.11577,,
0.09874,,
0.09483,,
0.09993,,
0.10193,,
0.10596,,
0.11825,,
0.11056,,
0.08191,,
0.11097,,
0.08235,,
0.09682,,
0.11769,,
0.08619,,
0.08701,,
0.10224,,
0.08819,,
0.08545,,
0.09173,,
0.10964,,
0.10574,,
0.08981,,
0.11509,,
0.09206,,
0.0866,,
0.09796,,
0.09353,,
0.09997,,
0.10886,,
0.10165,,
0.10521,,
0.10169,,
0.09963,,
0.1288,,
1.56404,,
0.10912,,
0.08013,,
0.08946,,
0.08913,,
0.0852,,
0.09126,,
0.0945,,
0.09168,,
0.08489,,
0.08505,,
0.08515,,
0.0934,,
0.09638,,
0.10391,,
0.09211,,
0.08598,,
0.08672,,
0.08079,,
0.09084,,
0.08232,,
0.08019,,
0.0886,,
0.08324,,
0.08049,,
0.09128,,
0.08117,,
0.09298,,
0.08438,,
0.08502,,
0.09853,,
0.11786,,
0.11439,,
0.104,,
0.09134,,
0.0938,,
0.11925,,
0.09494,,
0.11308,,
0.09429,,
0.09747,,
0.08742,,
0.11715,,
0.09831,,
0.0927,,
0.11041,,
0.09936,,
0.10227,,
0.10898,,
0.11658,,
0.09558,,
0.08866,,
0.07832,,
0.08979,,
0.08943,,
0.1008,,
0.09308,,
0.20355,,
0.10619,,
0.10056,,
0.09644,,
0.0988,,
0.09225,,
0.08401,,
0.09915,,
0.09663,,
0.09917,,
0.09121,,
0.10423,,
0.09379,,
0.11221,,
0.10115,,
0.10395,,
0.10509,,
0.09377,,
0.09486,,
0.09933,,
0.10818,,
0.09486,,
0.11455,,
0.08393,,
0.09203,,
0.1133,,
0.10795,,
0.09548,,
0.09872,,
0.09043,,
0.0864,,
0.10545,,
0.10039,,
0.09309,,
0.08956,,
0.08234,,
0.08954,,
0.08557,,
0.09923,,
0.08251,,
0.0935,,
0.09781,,
0.08346,,
0.0919,,
0.10823,,
0.09077,,
0.08999,,
0.09894,,
0.08115,,
0.08562,,
0.10813,,
0.11145,,
0.10415,,
0.10897,,
0.08823,,
0.10996,,
0.10099,,
0.09608,,
0.09732,,
0.09381,,
0.08761,,
0.09513,,
0.09542,,
0.09213,,
0.09275,,
0.14142,,
0.09973,,
0.08862,,
0.10333,,
0.10749,,
0.08975,,
0.08413,,
0.09425,,
0.09446,,
0.08677,,
0.11473,,
0.0953,,
0.09531,,
0.083,,
0.09855,,
0.09872,,
0.10357,,
0.10071,,
0.08908,,
0.11231,,
0.10992,,
0.16199,,
0.2006,,
0.09276,,
0.09605,,
0.08863,,
0.10151,,
0.10578,,
0.09326,,
0.09183,,
0.10054,,
0.09041,,
0.11174,,
0.0927,,
0.08689,,
0.09541,,
0.10613,,
0.09995,,
0.10055,,
0.09077,,
0.0981,,
0.09275,,
0.11248,,
0.11554,,
0.09553,,
0.09761,,
0.10082,,
0.11808,,
0.10161,,
0.10309,,
0.09242,,
0.10027,,
0.09674,,
0.09229,,
0.1049,,
0.10807,,
0.1011,,
0.09742,,
0.09041,,
0.09465,,
0.11078,,
0.09321,,
0.11048,,
0.08713,,
0.08518,,
0.0802,,
0.09384,,
0.09932,,
0.08584,,
0.09396,,
0.09355,,
0.09747,,
0.1064,,
0.0967,,
0.11273,,
0.09369,,
0.08851,,
0.11557,,
0.08628,,
0.11058,,
0.08582,,
0.10912,,
0.08714,,
0.08607,,
0.10167,,
0.08535,,
0.0902,,
0.09469,,
0.10271,,
0.09246,,
0.09426,,
0.09147,,
0.09464,,
0.08988,,
0.10322,,
0.09398,,
0.0977,,
0.11099,,
0.104,,
0.09705,,
0.09918,,
0.09623,,
0.08709,,
0.10277,,
0.10229,,
0.10965,,
0.10396,,
0.09043,,
0.10064,,
0.10963,,
0.09075,,
0.10542,,
0.09618,,
0.1117,,
0.09567,,
0.09423,,
0.10493,,
0.10715,,
0.10397,,
0.09782,,
0.09914,,
0.08552,,
0.08279,,
0.08759,,
0.08701,,
0.10272,,
0.0896,,
0.088,,
0.11069,,
0.0978,,
0.14727,,
0.11189,,
0.16064,,
0.11946,,
0.09728,,
0.0991,,
0.08996,,
0.10414,,
0.10447,,
0.09292,,
0.09737,,
0.10629,,
0.09296,,
0.10101,,
0.09838,,
0.09351,,
0.09779,,
0.11084,,
0.09269,,
0.09694,,
0.09383,,
0.10681,,
0.09552,,
0.11371,,
0.09762,,
0.09277,,
0.10352,,
0.095,,
0.09483,,
0.10723,,
0.09548,,
0.08324,,
0.08901,,
0.10963,,
0.11673,,
0.09873,,
0.09123,,
0.10022,,
0.10118,,
0.10669,,
0.09134,,
0.10618,,
0.11251,,
0.10114,,
0.08727,,
0.11025,,
0.10494,,
0.11223,,
0.10246,,
0.08874,,
0.09459,,
0.10751,,
0.11592,,
0.08091,,
0.09128,,
0.09575,,
0.10767,,
0.1124,,
0.10705,,
0.10882,,
0.1114,,
0.08915,,
0.09422,,
0.10669,,
0.08661,,
0.1078,,
0.09814,,
0.0878,,
0.09827,,
0.114,,
0.13596,,
0.10765,,
0.09227,,
0.0966,,
0.11216,,
0.11117,,
0.12412,,
0.09405,,
0.10829,,
0.10723,,
0.11007,,
0.09784,,
0.11785,,
0.08457,,
0.11749,,
0.09482,,
0.09473,,
0.10447,,
0.09607,,
0.08162,,
0.09245,,
0.08858,,
0.10884,,
0.09638,,
0.0956,,
0.08746,,
0.08857,,
0.09887,,
0.10109,,
0.11496,,
0.10841,,
0.0919,,
0.11175,,
0.09173,,
0.09137,,
0.0979,,
0.10193,,
0.11801,,
0.09706,,
0.09229,,
0.1056,,
0.09349,,
0.11328,,
0.09882,,
0.11525,,
0.09482,,
0.11035,,
0.10228,,
0.08376,,
0.12093,,
0.11098,,
0.10238,,
0.10113,,
0.09509,,
0.09546,,
0.09958,,
0.08783,,
0.09325,,
0.10397,,
0.09623,,
0.11767,,
0.10608,,
0.11038,,
0.10634,,
0.09956,,
0.10423,,
0.09879,,
0.09536,,
0.10883,,
0.08846,,
0.08747,,
0.09114,,
0.09981,,
0.10183,,
0.0975,,
0.08628,,
0.09779,,
0.10442,,
0.10643,,
0.09848,,
0.081,,
0.08314,,
0.08327,,
0.10481,,
0.09022,,
0.09946,,
0.12178,,
0.13289,,
0.10099,,
0.09156,,
0.09525,,
0.10148,,
0.10348,,
0.11089,,
0.09011,,
0.10146,,
0.11983,,
0.08519,,
0.0888,,
0.10239,,
0.1058,,
0.09151,,
0.12021,,
0.14605,,
0.12542,,
0.1101,,
0.18398,,
0.11844,,
0.11797,,
0.13618,,
0.21109,,
0.2331,,
0.24461,,
0.14042,,
0.12259,,
0.11614,,
0.11879,,
0.14457,,
0.11874,,
0.08757,,
0.14725,,
0.07267,,
0.09752,,
0.07998,,
0.08202,,
0.10561,,
0.33788,,
0.13434,,
0.10212,,
0.10721,,
0.09926,,
0.08843,,
0.10452,,
0.10197,,
0.10128,,
0.09886,,
0.09705,,
0.09323,,
0.08664,,
0.12049,,
0.11678,,
0.08511,,
0.09928,,
0.10337,,
0.10029,,
0.09985,,
0.14297,,
0.1133,,
0.12529,,
0.11278,,
0.32558,,
0.41268,,
0.29197,,
0.17457,,
0.12418,,
0.12344,,
0.10689,,
0.13888,,
0.2636,,
0.14738,,
0.13357,,
0.14306,,
0.1277,,
0.10687,,
0.12073,,
0.08727,,
0.10081,,
0.12708,,
0.10806,,
0.09534,,
0.12854,,
0.19353,,
0.13928,,
0.11034,,
0.14677,,
0.12642,,
0.26747,,
0.14466,,
0.12832,,
0.24387,,
0.17235,,
0.16055,,
0.14732,,
0.14909,,
0.12679,,
0.16979,,
0.13777,,
0.13899,,
0.14344,,
0.12014,,
0.16404,,
0.14187,,
0.14589,,
0.1729,,
0.14763,,
0.11722,,
0.16695,,
0.14716,,
0.14927,,
0.17714,,
0.08985,,
0.0878,,
0.10585,,
0.09857,,
0.08324,,
0.10399,,
0.11506,,
0.08365,,
0.10624,,
0.09375,,
0.11169,,
0.16049,,
0.10778,,
0.11882,,
0.11312,,
0.11443,,
0.11148,,
0.09756,,
0.11111,,
0.1121,,
0.10533,,
0.12412,,
0.11897,,
0.09745,,
0.14641,,
0.15013,,
0.19264,,
0.09527,,
0.09528,,
0.10742,,
0.11133,,
0.10125,,
0.12028,,
0.14395,,
0.12573,,
0.1323,,
0.14747,,
0.12136,,
0.12271,,
0.10247,,
0.23342,,
0.15867,,
0.18233,,
0.08174,,
0.11324,,
0.0808,,
0.11229,,
0.09483,,
0.08436,,
0.09584,,
0.08929,,
0.27999,,
1.14921,,
0.12499,,
0.09251,,
0.10507,,
0.12463,,
0.11192,,
0.11507,,
0.09822,,
0.09059,,
0.09221,,
0.08687,,
0.10304,,
0.09237,,
0.10708,,
0.10415,,
0.11658,,
0.13693,,
0.10311,,
0.10362,,
0.11492,,
0.10779,,
0.11205,,
0.12235,,
0.10643,,
0.10877,,
0.12588,,
0.12895,,
0.12182,,
0.12178,,
0.10412,,
0.12085,,
0.12444,,
0.11753,,
0.11391,,
0.11086,,
0.11377,,
0.10501,,
0.11475,,
0.12734,,
0.12417,,
0.1009,,
0.1235,,
0.13972,,
0.09087,,
0.09931,,
0.11754,,
0.10725,,
0.09741,,
0.10235,,
0.09041,,
0.08443,,
0.09043,,
0.1119,,
0.10778,,
0.11644,,
0.09907,,
0.11282,,
0.10809,,
0.11307,,
0.11592,,
0.09339,,
0.12511,,
0.09603,,
0.09537,,
0.09145,,
0.10031,,
0.10343,,
0.09519,,
0.08333,,
0.10939,,
0.10246,,
0.09539,,
0.12352,,
0.11177,,
0.10843,,
0.09437,,
0.10595,,
0.11336,,
0.10533,,
0.10612,,
0.09661,,
0.10386,,
0.09818,,
0.08424,,
0.09306,,
0.09846,,
0.10772,,
0.11441,,
0.10566,,
0.08466,,
0.10728,,
0.10224,,
0.09919,,
0.09314,,
0.09365,,
0.10856,,
0.10982,,
0.11065,,
0.08109,,
0.12086,,
0.08682,,
0.09686,,
0.12198,,
0.14081,,
0.10293,,
0.09043,,
0.09463,,
0.09987,,
0.09496,,
0.10654,,
0.10142,,
0.10967,,
0.09593,,
0.11282,,
0.10643,,
0.08929,,
0.10481,,
0.14146,,
0.10372,,
0.11572,,
0.10473,,
0.10891,,
0.10144,,
0.08934,,
0.11346,,
0.13099,,
0.09877,,
0.11594,,
0.15164,,
0.08807,,
0.09795,,
0.10787,,
0.1145,,
0.13278,,
0.09259,,
0.10465,,
0.10331,,
0.09352,,
0.09285,,
0.12804,,
0.11889,,
0.0866,,
0.10754,,
0.11272,,
0.09982,,
0.10451,,
0.11363,,
0.11011,,
0.09862,,
0.10794,,
0.09191,,
0.11146,,
0.13497,,
0.09907,,
0.109,,
0.11134,,
0.10279,,
0.08796,,
0.12917,,
0.08363,,
0.09687,,
0.0997,,
0.08291,,
0.10604,,
0.09883,,
0.10963,,
0.11349,,
0.10557,,
0.11966,,
0.09044,,
0.09153,,
0.10059,,
0.09599,,
0.09592,,
0.10708,,
0.11867,,
0.10344,,
0.08214,,
0.09076,,
0.1039,,
0.11857,,
0.0918,,
0.09452,,
0.10504,,
0.1173,,
0.09451,,
0.10277,,
0.11653,,
0.11046,,
0.10393,,
0.11346,,
0.08373,,
0.11044,,
0.10893,,
0.08982,,
0.11245,,
0.12258,,
0.13407,,
0.1249,,
0.09667,,
0.0947,,
0.09317,,
0.09913,,
0.08333,,
0.09859,,
0.09767,,
0.09251,,
0.11072,,
0.10705,,
0.10277,,
0.10988,,
0.0949,,
0.0925,,
0.09567,,
0.09351,,
0.09668,,
0.10372,,
0.09656,,
0.09255,,
0.09857,,
0.09858,,
0.08961,,
0.09867,,
0.10065,,
0.09036,,
0.10381,,
0.11714,,
0.11207,,
0.09897,,
0.09603,,
0.09698,,
0.0922,,
0.09663,,
0.09762,,
0.09537,,
0.09567,,
0.09209,,
0.09365,,
0.09523,,
0.11061,,
0.10652,,
0.09889,,
0.09888,,
0.105,,
0.11587,,
0.12959,,
0.09009,,
0.10503,,
0.11586,,
0.10475,,
0.09607,,
0.08938,,
0.09532,,
0.09524,,
0.09188,,
0.09049,,
0.11539,,
0.08674,,
0.08896,,
0.12233,,
0.11381,,
0.10805,,
0.10561,,
0.11516,,
0.09352,,
0.10697,,
0.10368,,
0.13256,,
0.09035,,
0.09627,,
0.10687,,
0.09916,,
0.09453,,
0.09435,,
0.111,,
0.10288,,
0.12849,,
0.09864,,
0.1333,,
0.09636,,
0.09104,,
0.10726,,
0.09368,,
0.09853,,
0.10844,,
0.11171,,
0.10897,,
0.10097,,
0.0908,,
0.10054,,
0.08592,,
0.09815,,
0.12265,,
0.11671,,
0.10307,,
0.14355,,
0.11036,,
0.13123,,
0.10341,,
0.10523,,
0.09254,,
0.106,,
0.11821,,
0.09765,,
0.1088,,
0.10062,,
0.09803,,
0.09368,,
0.1111,,
0.0919,,
0.10299,,
0.08958,,
0.1074,,
0.11415,,
0.11454,,
0.12396,,
0.11583,,
0.11052,,
0.10605,,
0.10059,,
0.09523,,
0.12368,,
0.08168,,
0.09498,,
0.09728,,
0.09734,,
0.10235,,
0.10287,,
0.09717,,
0.09947,,
0.09917,,
0.10687,,
0.11726,,
0.10281,,
0.09175,,
0.10056,,
0.09866,,
0.0843,,
0.10339,,
0.09777,,
0.10165,,
0.10741,,
0.11637,,
0.09302,,
0.09529,,
0.09413,,
0.10811,,
0.11541,,
0.12373,,
0.10117,,
0.11839,,
0.09346,,
0.12855,,
0.0998,,
0.10224,,
0.10804,,
0.09457,,
0.09386,,
0.10352,,
0.10982,,
0.09134,,
0.1015,,
0.10344,,
0.12665,,
0.13506,,
0.09407,,
0.10152,,
0.09886,,
0.13912,,
0.0952,,
0.09915,,
0.1213,,
0.10417,,
0.11536,,
0.11593,,
0.10174,,
0.08641,,
0.09086,,
0.09936,,
0.11471,,
0.11514,,
0.10423,,
0.13839,,
0.09426,,
0.10675,,
0.09005,,
0.1004,,
0.09518,,
0.0945,,
0.08515,,
0.11008,,
0.11225,,
0.09931,,
0.0923,,
0.09615,,
0.09789,,
0.08958,,
0.11076,,
0.08884,,
0.1066,,
0.10315,,
0.09571,,
0.09843,,
0.10386,,
0.1162,,
0.12039,,
0.09005,,
0.10167,,
0.10984,,
0.11294,,
0.09537,,
0.09445,,
0.08968,,
0.08167,,
0.10557,,
0.09446,,
0.09249,,
0.08987,,
0.09347,,
0.10614,,
0.0985,,
0.09303,,
0.09097,,
0.10271,,
0.08762,,
0.09594,,
0.09392,,
0.09348,,
0.11279,,
0.10567,,
0.10516,,
0.08866,,
0.10295,,
0.11008,,
0.10291,,
0.10207,,
0.1571,,
0.12529,,
0.11867,,
0.11448,,
0.11326,,
0.09155,,
0.10551,,
0.09643,,
0.08861,,
0.08841,,
0.08853,,
0.09846,,
0.10651,,
0.11187,,
0.10752,,
0.11705,,
0.13173,,
0.09013,,
0.09716,,
0.09262,,
0.11253,,
0.10203,,
0.09241,,
0.14482,,
0.10516,,
0.10111,,
0.1245,,
0.24988,,
0.35605,,
0.26459,,
0.12278,,
0.13801,,
0.12048,,
0.128,,
0.16872,,
0.13656,,
0.15857,,
0.14522,,
0.12809,,
0.15776,,
0.10262,,
0.10443,,
0.11237,,
0.11604,,
0.10765,,
0.11144,,
0.10995,,
0.11192,,
0.11196,,
0.10404,,
0.10461,,
0.0956,,
0.11621,,
0.12248,,
0.10942,,
0.11281,,
0.1455,,
0.10856,,
0.09594,,
0.09198,,
0.08829,,
0.10653,,
0.11837,,
0.13439,,
0.1006,,
0.097,,
0.10866,,
0.11077,,
0.09967,,
0.10878,,
0.10508,,
0.09627,,
0.13532,,
0.08121,,
0.10708,,
0.09451,,
0.1004,,
0.12505,,
0.08923,,
0.10083,,
0.10671,,
0.1069,,
0.08315,,
0.10384,,
0.10202,,
0.10684,,
0.10509,,
0.11502,,
0.12324,,
0.12768,,
0.11166,,
0.12656,,
0.09264,,
0.12573,,
0.14003,,
0.10153,,
0.11191,,
0.10204,,
0.09184,,
0.09975,,
0.0959,,
0.09967,,
0.12308,,
0.11274,,
0.1244,,
0.12177,,
0.1124,,
0.0893,,
0.1037,,
0.12183,,
0.10301,,
0.10178,,
0.09966,,
0.11205,,
0.09636,,
0.09305,,
0.09632,,
0.10705,,
0.10753,,
0.09641,,
0.09505,,
0.09614,,
0.11029,,
0.09363,,
0.09004,,
0.09866,,
0.0887,,
0.08513,,
0.11127,,
0.10747,,
0.11062,,
0.11738,,
0.12411,,
0.09219,,
0.09589,,
0.10198,,
0.09114,,
0.10185,,
0.13916,,
1.18044,,
0.13745,,
0.10819,,
0.0932,,
0.11983,,
0.14532,,
0.10802,,
0.11024,,
0.11123,,
0.10896,,
0.1161,,
0.08406,,
0.09559,,
0.09088,,
0.08997,,
0.10462,,
0.10854,,
0.11395,,
0.10091,,
0.10694,,
0.1149,,
0.09796,,
0.10484,,
0.09268,,
0.11326,,
0.09269,,
0.09273,,
0.12992,,
0.10342,,
0.11809,,
0.10888,,
0.12155,,
0.11881,,
0.10042,,
0.10635,,
0.12392,,
0.12145,,
0.11837,,
0.1077,,
0.09992,,
0.10329,,
0.08707,,
0.0917,,
0.11981,,
0.11916,,
0.10754,,
0.10683,,
0.11252,,
0.12405,,
0.11508,,
0.09785,,
0.1014,,
0.10069,,
0.10346,,
0.10639,,
0.09751,,
0.09307,,
0.11275,,
0.09014,,
0.09662,,
0.09317,,
0.08832,,
0.08566,,
0.10187,,
0.0985,,
0.1038,,
0.10289,,
0.11845,,
0.10673,,
0.09877,,
0.09389,,
0.09829,,
0.10088,,
0.1268,,
0.10322,,
0.08485,,
0.10483,,
0.10265,,
0.09722,,
0.13087,,
0.0936,,
0.09358,,
0.09671,,
0.12055,,
0.09348,,
0.1002,,
0.08303,,
0.1032,,
0.10741,,
0.10385,,
0.0954,,
0.10564,,
0.09215,,
0.10494,,
0.0977,,
0.10692,,
0.11776,,
0.10466,,
0.10516,,
0.12144,,
0.10555,,
0.1043,,
0.11461,,
0.09735,,
0.09942,,
0.11602,,
0.11002,,
0.10394,,
0.12008,,
0.09657,,
0.10907,,
0.0895,,
0.10282,,
0.10668,,
0.09488,,
0.09234,,
0.10257,,
0.10279,,
0.12151,,
0.13117,,
0.15151,,
0.10964,,
0.1126,,
0.10462,,
0.1285,,
0.08309,,
0.10408,,
0.08576,,
0.10707,,
0.08275,,
0.09461,,
0.13096,,
0.11593,,
0.09573,,
0.09363,,
0.11021,,
0.12971,,
0.09276,,
0.09853,,
0.08865,,
0.10593,,
0.10645,,
0.10155,,
0.10644,,
0.0894,,
0.09514,,
0.11138,,
0.14036,,
0.12596,,
0.13623,,
0.35319,,
0.16634,,
0.09145,,
0.11857,,
0.09886,,
0.09505,,
0.11867,,
0.12865,,
0.15113,,
0.12405,,
0.31957,,
0.168,,
0.15244,,
0.11691,,
0.10909,,
0.10007,,
0.09279,,
0.08689,,
0.08839,,
0.0921,,
0.08984,,
0.09542,,
0.10003,,
0.09428,,
0.10144,,
0.10514,,
0.09484,,
0.12183,,
0.10049,,
0.10994,,
0.09693,,
0.11586,,
0.09546,,
0.11412,,
0.10622,,
0.0913,,
0.09974,,
0.09942,,
0.10103,,
0.08282,,
0.1029,,
0.1001,,
0.1019,,
0.10454,,
0.11597,,
0.08262,,
0.09888,,
0.13606,,
0.10958,,
0.10788,,
0.09908,,
0.11738,,
0.10931,,
0.08959,,
0.10661,,
0.11673,,
0.11375,,
0.09606,,
0.09559,,
0.09437,,
0.10328,,
0.08859,,
0.10623,,
0.0909,,
0.11526,,
0.09682,,
0.08368,,
0.10854,,
0.09272,,
0.08661,,
0.09347,,
0.10422,,
0.08998,,
0.09528,,
0.09831,,
0.08886,,
0.10737,,
0.09406,,
0.09672,,
0.09602,,
0.09753,,
0.09516,,
0.09584,,
0.08892,,
0.09058,,
0.09466,,
0.10345,,
0.10768,,
0.10106,,
0.08881,,
0.1017,,
0.09738,,
0.08986,,
0.10465,,
0.09489,,
0.0996,,
0.0924,,
0.10534,,
0.1052,,
0.10234,,
0.10632,,
0.11057,,
0.0948,,
0.0997,,
0.10113,,
0.09707,,
0.10351,,
0.11918,,
0.09928,,
0.10597,,
0.10729,,
0.09433,,
0.08755,,
0.09936,,
0.10028,,
0.13782,,
0.1011,,
0.10838,,
0.12071,,
0.1124,,
0.10094,,
0.09902,,
0.10971,,
0.11261,,
0.12165,,
0.10809,,
0.10374,,
0.09587,,
0.09697,,
0.08621,,
0.10121,,
0.11188,,
0.11115,,
0.11245,,
0.13041,,
0.12609,,
0.10807,,
0.10805,,
0.12953,,
0.11377,,
0.11671,,
0.11213,,
0.099,,
0.10255,,
0.10971,,
0.10154,,
0.11681,,
0.11148,,
0.0937,,
0.09945,,
0.11372,,
0.10209,,
0.12257,,
0.10984,,
0.11309,,
0.09954,,
0.10557,,
0.12677,,
0.13008,,
0.10837,,
0.11695,,
0.11091,,
0.11204,,
0.13502,,
0.13109,,
0.11352,,
0.11382,,
0.11453,,
0.1054,,
0.11063,,
0.12145,,
0.10863,,
0.11044,,
0.11591,,
0.10087,,
0.10574,,
0.09953,,
0.09454,,
0.11223,,
0.09296,,
0.08794,,
0.12351,,
0.11465,,
0.09629,,
0.09733,,
0.11704,,
0.10346,,
0.10113,,
0.08875,,
0.09713,,
0.10287,,
0.09156,,
0.0896,,
0.09117,,
0.10371,,
0.09852,,
0.09752,,
0.09838,,
0.08605,,
0.11788,,
0.09963,,
0.09741,,
0.10118,,
0.09092,,
0.10299,,
0.10557,,
0.09822,,
0.08803,,
0.09119,,
0.09834,,
0.09878,,
0.08976,,
0.0864,,
0.10504,,
0.09968,,
0.10253,,
0.10038,,
0.09641,,
0.10199,,
0.10683,,
0.10469,,
0.10528,,
0.09393,,
0.09327,,
0.11823,,
0.11126,,
0.09306,,
0.1053,,
0.10021,,
0.11664,,
0.10032,,
0.08978,,
0.10523,,
0.13108,,
0.10388,,
0.11681,,
0.09711,,
0.09644,,
0.10133,,
0.09756,,
0.09091,,
0.09468,,
0.10158,,
0.09165,,
0.10127,,
0.1012,,
0.10866,,
0.09758,,
0.08913,,
0.09703,,
0.0837,,
0.09265,,
0.12052,,
0.10402,,
0.10426,,
0.10655,,
0.09634,,
0.08986,,
0.10272,,
0.09007,,
0.09851,,
0.109,,
0.1038,,
0.10465,,
0.10676,,
0.11598,,
0.09267,,
0.10265,,
0.09186,,
0.09367,,
0.10935,,
0.1092,,
0.10401,,
0.11473,,
0.11516,,
0.11333,,
0.10341,,
0.12369,,
0.11578,,
0.1109,,
0.10322,,
0.10947,,
0.1107,,
0.09176,,
0.10921,,
0.11802,,
0.08832,,
0.10468,,
0.10006,,
0.12206,,
0.1236,,
0.09434,,
0.11426,,
0.10156,,
0.08591,,
0.09569,,
0.10975,,
0.13758,,
0.1134,,
0.12013,,
0.13028,,
0.10573,,
0.09858,,
0.47999,,
0.77736,,
0.31162,,
0.22133,,
0.40497,,
2.34071,,
0.14067,,
0.1124,,
0.13215,,
0.13026,,
0.16209,,
0.10628,,
0.10031,,
0.09879,,
0.14577,,
0.12288,,
0.11166,,
0.12709,,
0.09894,,
0.09556,,
0.11846,,
0.10063,,
0.12666,,
0.10516,,
0.09785,,
0.12469,,
0.10575,,
0.10055,,
0.09955,,
0.14682,,
0.08709,,
0.09815,,
0.15008,,
0.10921,,
0.14377,,
0.10734,,
0.09397,,
0.09405,,
0.11912,,
0.11658,,
0.09778,,
0.10263,,
0.11139,,
0.10154,,
0.09045,,
0.13068,,
0.0969,,
0.12627,,
0.10633,,
0.10103,,
0.11041,,
0.11969,,
0.09855,,
0.11038,,
0.14866,,
0.09519,,
0.10064,,
0.10078,,
0.08935,,
0.08184,,
0.11304,,
0.14471,,
0.09713,,
0.11533,,
0.11871,,
0.11966,,
0.11095,,
0.09056,,
0.10813,,
0.12956,,
0.09773,,
0.10949,,
0.08895,,
0.1004,,
0.08703,,
0.09411,,
0.10047,,
0.10429,,
0.1073,,
0.09823,,
0.10017,,
0.08963,,
0.12084,,
0.09247,,
0.11643,,
0.23771,,
0.13914,,
1.13155,,
0.10383,,
0.11174,,
0.13044,,
0.1042,,
0.09773,,
0.08461,,
0.10767,,
0.10557,,
0.08899,,
0.09718,,
0.09023,,
0.10772,,
0.11471,,
0.09777,,
0.10913,,
0.10547,,
0.08855,,
0.10549,,
0.08337,,
0.09417,,
0.10741,,
0.09242,,
0.12624,,
0.10653,,
0.09413,,
0.09175,,
0.09955,,
0.10286,,
0.12688,,
0.09392,,
0.12324,,
0.11671,,
0.0866,,
0.09239,,
0.09883,,
0.11332,,
0.09853,,
0.11955,,
0.11842,,
0.09143,,
0.10497,,
0.13961,,
0.11587,,
0.10906,,
0.09606,,
0.09167,,
0.09705,,
0.09323,,
0.09035,,
0.09201,,
0.10182,,
0.1135,,
0.09438,,
0.09864,,
0.09008,,
0.10677,,
0.10919,,
0.08342,,
0.09486,,
0.12924,,
0.10734,,
0.09323,,
0.11708,,
0.09085,,
0.10254,,
0.11995,,
0.11161,,
0.10612,,
0.09736,,
0.08787,,
0.09289,,
0.0978,,
0.0885,,
0.088,,
0.09946,,
0.1118,,
0.12691,,
0.09476,,
0.09335,,
0.08803,,
0.10006,,
0.08702,,
0.10198,,
0.10352,,
0.08993,,
0.08627,,
0.09066,,
0.09951,,
0.10214,,
0.09515,,
0.0879,,
0.09371,,
0.09444,,
0.09602,,
0.10997,,
0.09028,,
0.1068,,
0.08496,,
0.10388,,
0.09988,,
0.1102,,
0.10738,,
0.09062,,
0.09304,,
0.10256,,
0.10249,,
0.11379,,
0.09451,,
0.09414,,
0.10918,,
0.10729,,
0.09966,,
0.10531,,
0.10508,,
0.11042,,
0.09205,,
0.11098,,
0.13241,,
0.11673,,
0.16521,,
0.10972,,
0.08478,,
0.12163,,
0.09554,,
0.10253,,
0.09126,,
0.10021,,
0.09078,,
0.0931,,
0.08531,,
0.10258,,
0.10309,,
0.11222,,
0.1037,,
0.09414,,
0.08849,,
0.1004,,
0.10434,,
0.0916,,
0.09623,,
0.09006,,
0.11445,,
0.09984,,
0.09179,,
0.1085,,
0.10536,,
0.09505,,
0.11262,,
0.14194,,
0.10881,,
0.12154,,
0.09706,,
0.10755,,
0.08499,,
0.11064,,
0.09966,,
0.08934,,
0.09335,,
0.13609,,
0.12392,,
0.70996,,
0.12494,,
0.1426,,
0.09717,,
0.09226,,
0.0955,,
0.11018,,
0.10205,,
0.12058,,
0.12426,,
0.08744,,
0.09215,,
0.0954,,
0.0961,,
0.11111,,
0.10234,,
0.11799,,
0.11205,,
0.10467,,
0.09709,,
0.10039,,
0.10933,,
0.12817,,
0.11067,,
0.11701,,
0.10202,,
0.111,,
0.08871,,
0.09483,,
0.10203,,
0.0888,,
0.09992,,
0.09716,,
0.11129,,
0.11974,,
0.1145,,
0.11318,,
0.10269,,
0.10876,,
0.12143,,
0.11278,,
0.13309,,
0.12511,,
0.14669,,
0.10525,,
0.11025,,
0.10099,,
0.09069,,
0.10482,,
0.08723,,
0.09128,,
0.1138,,
0.10382,,
0.09047,,
0.09055,,
0.10129,,
0.09279,,
0.09051,,
0.107,,
0.11201,,
0.10153,,
0.12382,,
0.11389,,
0.09833,,
0.11133,,
0.12796,,
0.1025,,
0.09439,,
0.10543,,
0.10085,,
0.10479,,
0.11126,,
0.08609,,
0.12559,,
0.11024,,
0.0979,,
0.09857,,
0.10338,,
0.11709,,
0.10477,,
0.14084,,
0.09978,,
0.11382,,
0.13521,,
0.09521,,
0.10099,,
0.09365,,
0.09233,,
0.10767,,
0.09945,,
0.10778,,
0.11099,,
0.09374,,
0.13005,,
0.13387,,
0.09981,,
0.10024,,
0.11789,,
0.10961,,
0.11081,,
0.10611,,
0.11868,,
0.11766,,
0.09768,,
0.13975,,
0.09871,,
0.12819,,
0.11391,,
0.14807,,
0.10304,,
0.10327,,
0.11252,,
0.12368,,
0.10659,,
0.09605,,
0.09148,,
0.12005,,
0.10063,,
0.10049,,
0.11911,,
0.10036,,
0.09214,,
0.0881,,
0.09983,,
0.09315,,
0.10236,,
0.08789,,
0.08911,,
0.10337,,
0.11449,,
0.09475,,
0.10343,,
0.09009,,
0.10068,,
0.11429,,
0.11071,,
0.11759,,
0.11023,,
0.10381,,
0.08645,,
0.10796,,
0.1183,,
0.12222,,
0.10635,,
0.09797,,
0.12832,,
0.12472,,
0.10423,,
0.1365,,
0.09283,,
0.10516,,
0.09448,,
0.08946,,
0.0945,,
0.09782,,
0.08651,,
0.08512,,
0.11305,,
0.09364,,
0.08852,,
0.09779,,
0.09853,,
0.09185,,
0.08729,,
0.08774,,
0.09731,,
0.09315,,
0.09238,,
0.09757,,
0.09719,,
0.09065,,
0.10094,,
0.10231,,
0.14237,,
0.0982,,
0.09778,,
0.09967,,
0.10358,,
0.09447,,
0.106,,
0.11556,,
0.11935,,
0.09528,,
0.09545,,
0.09756,,
0.0934,,
0.11294,,
0.10455,,
0.09705,,
0.11081,,
0.1117,,
0.08834,,
0.09756,,
0.1124,,
0.13812,,
0.09737,,
0.10722,,
0.09166,,
0.09813,,
0.09687,,
0.12364,,
0.0855,,
0.0898,,
0.13033,,
0.09967,,
0.13449,,
0.14414,,
0.42306,,
0.11635,,
0.09472,,
0.12435,,
0.10328,,
0.11688,,
0.10557,,
0.09883,,
0.1166,,
0.10507,,
0.11093,,
0.10045,,
0.10031,,
0.09501,,
0.09438,,
0.11941,,
0.10348,,
0.10966,,
0.09832,,
0.16676,,
0.09697,,
0.10402,,
0.09168,,
0.08831,,
0.11452,,
0.24582,,
0.08426,,
0.0905,,
0.09432,,
0.08537,,
0.08197,,
0.08714,,
0.11195,,
0.10342,,
0.09785,,
0.10918,,
0.12045,,
0.0911,,
0.10649,,
0.12917,,
0.11985,,
0.1226,,
0.09487,,
0.11199,,
0.0967,,
0.10661,,
0.09228,,
0.09587,,
0.0899,,
0.09979,,
0.09293,,
0.11437,,
0.10796,,
0.11135,,
0.10302,,
0.13264,,
0.12458,,
0.10093,,
0.11287,,
0.08981,,
0.11591,,
0.09505,,
0.08878,,
0.10411,,
0.09034,,
0.10312,,
0.09388,,
0.1077,,
0.09753,,
0.09396,,
0.11547,,
0.10046,,
0.10503,,
0.11915,,
0.1123,,
0.10391,,
0.10761,,
0.11,,
0.50008,,
0.51809,,
1.93901,,
2.241,,
0.12717,,
0.11529,,
0.11234,,
0.12083,,
0.1244,,
0.13544,,
0.1351,,
0.12558,,
0.12429,,
0.11139,,
0.11197,,
0.15036,,
0.10006,,
0.10632,,
0.10286,,
0.09075,,
0.1034,,
0.13084,,
0.09155,,
0.12888,,
0.13279,,
0.13313,,
0.11885,,
0.14674,,
0.13411,,
0.11084,,
0.10237,,
0.09149,,
0.12832,,
0.12537,,
0.11882,,
0.09088,,
0.088,,
0.09553,,
0.15343,,
0.1255,,
0.12409,,
0.13811,,
0.13671,,
0.14163,,
0.13689,,
0.12624,,
0.11891,,
0.1292,,
0.11976,,
0.11769,,
0.13705,,
0.15621,,
0.18835,,
18.29954,,
0.14017,,
0.19066,,
0.23948,,
0.10161,,
0.20367,,
0.10919,,
0.10743,,
0.10978,,
0.10813,,
0.11207,,
0.13185,,
0.13096,,
0.11291,,
0.10873,,
0.10672,,
0.1072,,
0.10631,,
0.10794,,
0.10726,,
0.10977,,
0.1098,,
0.10877,,
0.11137,,
0.11827,,
0.11941,,
0.28729,,
2.46331,,
0.25052,,
0.14424,,
21.64982,,
0.15528,,
0.18709,,
1.34936,,
0.0999,,
0.09491,,
0.11246,,
0.09119,,
0.09306,,
0.08975,,
0.08517,,
0.09017,,
0.09973,,
0.11552,,
0.1233,,
0.12111,,
0.11412,,
0.1307,,
0.10978,,
0.0919,,
0.11302,,
0.09506,,
0.13191,,
0.11214,,
0.10763,,
0.11346,,
0.10828,,
0.0947,,
0.08808,,
0.10672,,
0.09701,,
0.10232,,
0.09771,,
0.09965,,
0.09089,,
0.08191,,
0.09927,,
0.08922,,
0.09376,,
0.09717,,
0.10637,,
0.10394,,
0.11285,,
0.10954,,
0.08599,,
0.09588,,
0.10994,,
0.11932,,
0.09912,,
0.12723,,
0.09236,,
0.15583,,
0.13414,,
0.09904,,
0.09972,,
0.16137,,
0.11245,,
0.10292,,
0.12213,,
0.11438,,
0.09891,,
0.19376,,
0.1082,,
0.17894,,
0.11044,,
0.1574,,
0.15687,,
0.14296,,
0.31832,,
0.25275,,
0.26964,,
0.13019,,
0.15549,,
0.11278,,
0.14116,,
0.11379,,
0.12653,,
0.18331,,
0.13543,,
0.11054,,
0.1173,,
0.11899,,
0.08877,,
0.09363,,
0.11877,,
0.10173,,
0.13151,,
0.10146,,
0.12121,,
0.11334,,
0.08907,,
0.10276,,
0.10562,,
0.09978,,
0.12226,,
0.1439,,
0.10596,,
0.12015,,
0.10313,,
0.12259,,
0.12873,,
0.10885,,
0.10972,,
0.10222,,
0.0999,,
0.11174,,
0.10261,,
0.09904,,
0.11075,,
0.11123,,
0.11855,,
0.10312,,
0.10104,,
0.094,,
0.11121,,
0.13733,,
0.09527,,
0.09762,,
0.08726,,
0.10067,,
0.11694,,
0.10293,,
0.08842,,
0.10638,,
0.11521,,
0.10878,,
0.10825,,
0.10938,,
0.09214,,
0.09782,,
0.10017,,
0.13394,,
0.12183,,
0.10948,,
0.12485,,
0.14302,,
0.11312,,
0.09458,,
0.0935,,
0.11368,,
0.11139,,
0.10368,,
0.08979,,
0.10445,,
0.11612,,
0.10351,,
0.10883,,
0.09402,,
0.10642,,
0.10135,,
0.10543,,
0.09053,,
0.08826,,
0.09745,,
0.08939,,
0.12051,,
0.10338,,
0.09771,,
0.10442,,
0.11608,,
0.09126,,
0.09361,,
0.10939,,
0.10443,,
0.09146,,
0.08983,,
0.10744,,
0.09024,,
0.09673,,
0.09083,,
0.10982,,
0.16762,,
0.11162,,
1.11814,,
0.10058,,
0.07853,,
0.09314,,
0.08704,,
0.07445,,
0.08751,,
0.0956,,
0.07963,,
0.0934,,
0.08732,,
0.09025,,
0.1128,,
0.09321,,
0.09569,,
0.09823,,
0.10113,,
0.09893,,
0.09517,,
0.09585,,
0.08259,,
0.09724,,
0.07901,,
0.09075,,
0.09494,,
0.09057,,
0.08973,,
0.09609,,
0.07894,,
0.09182,,
0.08889,,
0.08548,,
0.10128,,
0.09001,,
0.09651,,
0.08994,,
0.10748,,
0.09542,,
0.0906,,
0.08914,,
0.10433,,
0.13602,,
0.10467,,
0.09414,,
0.08425,,
0.08184,,
0.10299,,
0.08827,,
0.10942,,
0.09287,,
0.10143,,
0.08739,,
0.07915,,
0.09387,,
0.0976,,
0.0928,,
0.09874,,
0.11129,,
0.10279,,
0.09282,,
0.09629,,
0.11129,,
0.1033,,
0.10466,,
0.09978,,
0.11203,,
0.11594,,
0.10614,,
0.09639,,
0.09173,,
0.09267,,
0.09759,,
0.10355,,
0.11979,,
0.11951,,
0.12242,,
0.12257,,
0.09747,,
0.09385,,
0.08663,,
0.09087,,
0.09423,,
0.11754,,
0.09913,,
0.09891,,
0.09817,,
0.09871,,
0.08942,,
0.09794,,
0.10595,,
0.09686,,
0.1147,,
0.10406,,
0.10463,,
0.10624,,
0.12001,,
0.10954,,
0.13829,,
0.10539,,
0.09855,,
0.10082,,
0.10575,,
0.11065,,
0.13004,,
0.10622,,
0.09977,,
0.09331,,
0.10696,,
0.10607,,
0.09101,,
0.10379,,
0.11886,,
0.10879,,
0.09734,,
0.10104,,
0.09404,,
0.09477,,
0.08571,,
0.09914,,
0.09655,,
0.09516,,
0.09633,,
0.11142,,
0.10056,,
0.11122,,
0.09981,,
0.13016,,
0.09699,,
0.08603,,
0.08331,,
0.09393,,
0.09115,,
0.10604,,
0.10604,,
0.12055,,
0.15771,,
0.11897,,
0.12037,,
0.1014,,
0.1079,,
0.09358,,
0.08569,,
0.08236,,
0.09789,,
0.08982,,
0.09613,,
0.11753,,
0.09997,,
0.10128,,
0.09246,,
0.09255,,
0.1022,,
0.11084,,
0.10146,,
0.08755,,
0.09511,,
0.0939,,
0.10201,,
0.10125,,
0.09717,,
0.11853,,
0.10424,,
0.11908,,
0.0977,,
0.12746,,
0.12564,,
0.14299,,
0.11028,,
0.10027,,
0.10481,,
0.1078,,
0.10321,,
0.0922,,
0.09141,,
0.10145,,
0.10613,,
0.11151,,
0.09721,,
0.09543,,
0.11313,,
0.10029,,
0.09193,,
0.11434,,
0.09973,,
0.12128,,
0.13559,,
0.10601,,
0.09875,,
0.11017,,
0.10964,,
0.11051,,
0.14149,,
0.10025,,
0.09481,,
0.10818,,
0.10899,,
0.09178,,
0.1079,,
0.09308,,
0.10318,,
0.09184,,
0.11654,,
0.12445,,
0.10062,,
0.11531,,
0.09313,,
0.09348,,
0.08953,,
0.10431,,
0.12052,,
0.12196,,
0.11376,,
0.09979,,
0.10816,,
0.11631,,
0.10817,,
0.10608,,
0.10151,,
0.08652,,
0.09696,,
0.09752,,
0.11786,,
0.11031,,
0.11026,,
0.12346,,
0.09042,,
0.10827,,
0.10598,,
0.0954,,
0.09828,,
0.09268,,
0.10035,,
0.11264,,
0.11568,,
0.1432,,
0.10764,,
0.10089,,
0.10655,,
0.10409,,
0.10199,,
0.11883,,
0.0901,,
0.11854,,
0.0954,,
0.09427,,
0.10604,,
0.11864,,
0.10479,,
0.08569,,
0.09642,,
0.09951,,
0.10359,,
0.10166,,
0.11104,,
0.1091,,
0.09837,,
0.10005,,
0.09676,,
0.08907,,
0.09692,,
0.09824,,
0.09758,,
0.09176,,
0.08708,,
0.09349,,
0.10177,,
0.11423,,
0.09574,,
0.09707,,
0.09933,,
0.11391,,
0.11894,,
0.12845,,
0.11101,,
0.11611,,
0.12518,,
0.12037,,
0.09638,,
0.10158,,
0.09186,,
0.10594,,
0.12946,,
0.17307,,
0.10677,,
0.08926,,
0.10596,,
0.12127,,
0.13334,,
0.09739,,
0.09225,,
0.10282,,
0.0888,,
0.10695,,
0.10851,,
0.09802,,
0.08765,,
0.08635,,
0.09498,,
0.1057,,
0.09852,,
0.10745,,
0.11257,,
0.1161,,
0.09846,,
0.09899,,
0.10633,,
0.09426,,
0.10272,,
0.09975,,
0.09849,,
0.0981,,
0.09517,,
0.1118,,
0.07508,,
0.10302,,
0.11823,,
0.10547,,
0.09994,,
0.12242,,
0.0985,,
0.09727,,
0.13687,,
0.12563,,
0.09809,,
0.09043,,
0.09176,,
0.08512,,
0.09683,,
0.12018,,
0.11843,,
0.10451,,
0.10031,,
0.09821,,
0.11075,,
0.09752,,
0.10067,,
0.09396,,
0.09621,,
0.10343,,
0.11093,,
0.09701,,
0.10337,,
0.10992,,
0.0906,,
0.09886,,
0.09371,,
0.10262,,
0.10282,,
0.098,,
0.10921,,
0.08975,,
0.09084,,
0.0889,,
0.09403,,
0.08797,,
0.08539,,
0.09936,,
0.09061,,
0.09109,,
0.09378,,
0.09015,,
0.08879,,
0.09221,,
0.10122,,
0.10267,,
0.10379,,
0.09157,,
0.1117,,
0.10552,,
0.10616,,
0.11015,,
0.11325,,
0.10025,,
0.10528,,
0.1234,,
0.10039,,
0.09581,,
0.09674,,
0.0973,,
0.11093,,
0.10378,,
0.10996,,
0.09339,,
0.10405,,
0.10876,,
0.10786,,
0.11315,,
0.0994,,
0.08636,,
0.09505,,
0.09401,,
0.10521,,
0.10223,,
0.09728,,
0.12656,,
0.09936,,
0.10575,,
0.095,,
0.09531,,
0.11988,,
0.10189,,
0.11453,,
0.09468,,
0.09947,,
0.10171,,
0.09001,,
0.10782,,
0.0938,,
0.1011,,
0.09363,,
0.11114,,
0.11087,,
0.1102,,
0.09132,,
0.09104,,
0.0941,,
0.10432,,
0.11233,,
0.09987,,
0.08862,,
0.0939,,
0.10192,,
0.12292,,
0.1218,,
0.12071,,
0.15118,,
0.09501,,
0.1005,,
0.09312,,
0.09859,,
0.11487,,
0.12235,,
0.10699,,
0.12246,,
0.09988,,
0.09996,,
0.10435,,
0.10331,,
0.10382,,
0.09748,,
0.0951,,
0.09929,,
0.10661,,
0.10757,,
0.10214,,
0.09935,,
0.09026,,
0.10971,,
0.10087,,
0.10034,,
0.08177,,
0.1083,,
0.11252,,
0.1099,,
0.11124,,
0.13826,,
0.10931,,
0.09889,,
0.10691,,
0.09968,,
0.09399,,
0.11391,,
0.09111,,
0.09075,,
0.09125,,
0.13993,,
0.10885,,
0.1134,,
0.26616,,
0.2593,,
0.11814,,
0.14697,,
0.10951,,
0.22932,,
0.3008,,
0.29208,,
0.14941,,
0.12637,,
0.10612,,
0.11712,,
0.11314,,
0.11107,,
0.19192,,
0.14891,,
0.20225,,
0.11821,,
0.13491,,
0.12067,,
0.11179,,
0.13046,,
0.11329,,
0.11243,,
0.10906,,
0.1312,,
0.1078,,
0.10827,,
0.0935,,
0.10156,,
0.11765,,
0.1119,,
0.088,,
0.10483,,
0.10916,,
0.10397,,
0.10478,,
0.08588,,
0.10619,,
0.10315,,
0.106,,
0.09807,,
0.10314,,
0.10814,,
0.11621,,
0.09248,,
0.10537,,
0.09859,,
0.11431,,
0.09135,,
0.08796,,
0.10394,,
0.09749,,
0.10124,,
0.09481,,
0.10623,,
0.11353,,
0.09757,,
0.10499,,
0.1116,,
0.08723,,
0.10199,,
0.09335,,
0.09664,,
0.09478,,
0.09662,,
0.08454,,
0.08907,,
0.09076,,
0.10316,,
0.11596,,
0.09322,,
0.11009,,
0.11919,,
0.09035,,
0.0908,,
0.10951,,
0.10451,,
0.11448,,
0.10327,,
0.11361,,
0.10201,,
0.10374,,
0.10444,,
0.10782,,
0.10603,,
0.1074,,
0.12735,,
0.1079,,
0.09935,,
0.10099,,
0.11069,,
0.09237,,
0.10267,,
0.09762,,
0.1107,,
0.10841,,
0.09479,,
0.09924,,
0.09701,,
0.11244,,
0.1106,,
0.0946,,
0.09406,,
0.10744,,
0.09616,,
0.16134,,
0.0955,,
1.14675,,
0.10131,,
0.09441,,
0.10117,,
0.07786,,
0.08766,,
0.0835,,
0.09028,,
0.09287,,
0.0978,,
0.0947,,
0.0967,,
0.10805,,
0.09355,,
0.08874,,
0.10687,,
0.08075,,
0.11596,,
0.09111,,
0.11236,,
0.10373,,
0.1081,,
0.09699,,
0.08414,,
0.08324,,
0.07901,,
0.10907,,
0.07641,,
0.10262,,
0.10498,,
0.09168,,
0.09704,,
0.08349,,
0.09125,,
0.08558,,
0.13167,,
0.12241,,
0.09438,,
0.09936,,
0.09864,,
0.07929,,
0.10704,,
0.1053,,
0.1019,,
0.11354,,
0.09571,,
0.09494,,
0.1181,,
0.09616,,
0.10716,,
0.09684,,
0.10351,,
0.0891,,
0.08979,,
0.08984,,
0.10591,,
0.09629,,
0.13535,,
0.10283,,
0.10737,,
0.09842,,
0.1092,,
0.1006,,
0.09061,,
0.09415,,
0.10425,,
0.11382,,
0.09619,,
0.10122,,
0.10008,,
0.12323,,
0.1025,,
0.09204,,
0.09739,,
0.11451,,
0.09533,,
0.09405,,
0.10751,,
0.10157,,
0.08327,,
0.09142,,
0.09352,,
0.13962,,
0.10568,,
0.12203,,
0.09545,,
0.09839,,
0.10397,,
0.10047,,
0.10286,,
0.08602,,
0.093,,
0.12434,,
0.09657,,
0.11882,,
0.10993,,
0.133,,
0.10791,,
0.10482,,
0.09264,,
0.09046,,
0.12226,,
0.09405,,
0.10781,,
0.09878,,
0.08662,,
0.09232,,
0.10755,,
0.10053,,
0.09338,,
0.11467,,
0.10152,,
0.10642,,
0.09523,,
0.10503,,
0.10279,,
0.11438,,
0.0925,,
0.09531,,
0.10817,,
0.13198,,
0.08859,,
0.09565,,
0.09991,,
0.11096,,
0.11902,,
0.0953,,
0.11143,,
0.10908,,
0.09434,,
0.09335,,
0.09289,,
0.11503,,
0.09503,,
0.11321,,
0.09507,,
0.10396,,
0.10454,,
0.11149,,
0.10679,,
0.1511,,
0.11128,,
0.11332,,
0.10168,,
0.08802,,
0.0981,,
0.111,,
0.12901,,
0.09809,,
0.11905,,
0.09708,,
0.09075,,
0.10682,,
0.09796,,
0.1005,,
0.08668,,
0.09293,,
0.09388,,
0.09712,,
0.09856,,
0.0889,,
0.08599,,
0.11228,,
0.09525,,
0.09965,,
0.08532,,
0.10386,,
0.0887,,
0.1089,,
0.10348,,
0.11825,,
0.10439,,
0.09598,,
0.08964,,
0.09148,,
0.09234,,
0.08722,,
0.10239,,
0.1046,,
0.09949,,
0.10591,,
0.09636,,
0.11277,,
0.11027,,
0.10193,,
0.11777,,
0.11089,,
0.11561,,
0.11395,,
0.10717,,
0.12108,,
0.11444,,
0.10781,,
0.11975,,
0.10714,,
0.11913,,
0.12298,,
0.09244,,
0.09415,,
0.09685,,
0.09488,,
0.09799,,
0.10813,,
0.09491,,
0.09866,,
0.10295,,
0.09456,,
0.08569,,
0.08819,,
0.0923,,
0.10138,,
0.12268,,
0.09392,,
0.09414,,
0.1043,,
0.10825,,
0.09623,,
0.09806,,
0.10628,,
0.10322,,
0.1013,,
0.10631,,
0.11894,,
0.10816,,
0.12094,,
0.10036,,
0.12384,,
0.09722,,
0.1008,,
0.0932,,
0.11034,,
0.09673,,
0.08897,,
0.09946,,
0.09425,,
0.11878,,
0.10243,,
0.09884,,
0.09081,,
0.09176,,
0.14022,,
0.1169,,
0.09923,,
0.09562,,
0.11216,,
0.10527,,
0.09309,,
0.11295,,
0.10631,,
0.10363,,
0.10989,,
0.12767,,
0.10971,,
0.08777,,
0.11192,,
0.1011,,
0.10537,,
0.10027,,
0.09549,,
0.09356,,
0.09989,,
0.08261,,
0.08264,,
0.08866,,
0.08473,,
0.0998,,
0.11487,,
0.10997,,
0.11495,,
0.09498,,
0.10394,,
0.15284,,
0.12293,,
0.09414,,
0.11095,,
0.10092,,
0.09441,,
0.10103,,
0.09926,,
0.10189,,
0.08777,,
0.1287,,
0.09797,,
0.10435,,
0.09581,,
0.12523,,
0.10988,,
0.11179,,
0.11637,,
0.11005,,
0.07922,,
0.09953,,
0.09883,,
0.11006,,
0.08885,,
0.09826,,
0.09229,,
0.09627,,
0.10143,,
0.09564,,
0.13181,,
0.12397,,
0.1018,,
0.09688,,
0.10866,,
0.0972,,
0.1037,,
0.12031,,
0.10091,,
0.09057,,
0.09568,,
0.09857,,
0.12048,,
0.10241,,
0.10458,,
0.11621,,
0.09766,,
0.09199,,
0.09569,,
0.09573,,
0.09003,,
0.11202,,
0.09874,,
0.11636,,
0.13621,,
0.11998,,
0.16706,,
0.11935,,
0.09148,,
0.08705,,
0.09771,,
0.10059,,
0.09544,,
0.10257,,
0.11955,,
0.09627,,
0.0912,,
0.11356,,
0.10012,,
0.10856,,
0.09682,,
0.09379,,
0.10906,,
0.10826,,
0.11176,,
0.11966,,
0.11061,,
0.09823,,
0.15788,,
0.09233,,
0.09616,,
0.09628,,
0.09407,,
0.10262,,
0.11373,,
0.09876,,
0.11409,,
0.1118,,
0.10184,,
0.10756,,
0.10177,,
0.10991,,
0.10889,,
0.11212,,
0.11565,,
0.09383,,
0.09898,,
0.10052,,
0.09803,,
0.10854,,
0.10799,,
0.1023,,
0.0981,,
0.11302,,
0.10994,,
0.12594,,
0.09425,,
0.10682,,
0.10062,,
0.13013,,
0.104,,
0.1003,,
0.08608,,
0.10509,,
0.09411,,
0.09763,,
0.09965,,
0.09082,,
0.08918,,
0.09849,,
0.09242,,
0.10135,,
0.1088,,
0.13014,,
0.09675,,
0.10284,,
0.09865,,
0.09202,,
0.10693,,
0.10054,,
0.09845,,
0.09632,,
0.09416,,
0.10089,,
0.11077,,
0.11228,,
0.09766,,
0.10884,,
0.10039,,
0.09671,,
0.10789,,
0.10505,,
0.15043,,
0.10848,,
0.14889,,
0.10247,,
0.12218,,
0.12768,,
0.09872,,
0.10382,,
0.13288,,
0.11098,,
0.13295,,
0.10023,,
0.09874,,
0.0989,,
0.10483,,
0.11521,,
0.09516,,
0.10515,,
0.10671,,
0.1113,,
0.11966,,
0.09534,,
0.11066,,
0.10358,,
0.11601,,
0.1032,,
0.11285,,
0.10136,,
0.10031,,
0.11641,,
0.11683,,
0.12173,,
0.13832,,
0.09435,,
0.08312,,
0.1002,,
0.09591,,
0.11384,,
0.09434,,
0.10324,,
0.11263,,
0.08828,,
0.10274,,
0.09239,,
0.13309,,
0.10454,,
0.09722,,
0.10559,,
0.08009,,
0.09828,,
0.09357,,
0.09154,,
0.1133,,
0.30389,,
0.19113,,
0.10308,,
0.13204,,
0.1095,,
0.14053,,
0.17939,,
0.11977,,
0.25274,,
0.26255,,
0.31421,,
0.20913,,
0.14843,,
0.14889,,
0.1084,,
0.11237,,
0.10128,,
0.12812,,
0.17495,,
0.15919,,
0.12813,,
0.12394,,
0.13139,,
0.10624,,
0.09333,,
0.08911,,
0.1047,,
0.09893,,
0.10554,,
0.11367,,
0.10829,,
0.10776,,
0.09641,,
0.13179,,
0.10019,,
0.11247,,
0.10626,,
0.1355,,
0.12756,,
0.10926,,
0.10803,,
0.08909,,
0.10223,,
0.08919,,
0.08834,,
0.11841,,
0.09543,,
0.10599,,
0.10544,,
0.15095,,
0.11717,,
0.09215,,
0.12711,,
0.10005,,
0.09119,,
0.09532,,
0.11016,,
0.12941,,
0.09963,,
0.09692,,
0.10121,,
0.14589,,
0.11586,,
0.09652,,
0.11375,,
0.1096,,
0.0915,,
0.09237,,
0.12468,,
0.1371,,
0.10138,,
0.10163,,
0.11163,,
0.12975,,
0.10034,,
0.09885,,
0.11418,,
0.10141,,
0.12091,,
0.09239,,
0.10202,,
0.10412,,
0.10624,,
0.10401,,
0.10152,,
0.09509,,
0.20971,,
0.10499,,
1.19021,,
0.0846,,
0.11087,,
0.07799,,
0.07816,,
0.08146,,
0.08502,,
0.09466,,
0.09029,,
0.09041,,
0.09924,,
0.10813,,
0.08556,,
0.08811,,
0.0816,,
0.0879,,
0.0954,,
0.08063,,
0.08444,,
0.09782,,
0.09882,,
0.08414,,
0.09835,,
0.09426,,
0.0903,,
0.08059,,
0.103,,
0.10231,,
0.07567,,
0.08059,,
0.08556,,
0.09046,,
0.10366,,
0.10162,,
0.10883,,
0.10332,,
0.12123,,
0.13758,,
0.09457,,
0.09501,,
0.08867,,
0.08105,,
0.09647,,
0.09902,,
0.09862,,
0.10873,,
0.11132,,
0.10505,,
0.10686,,
0.10101,,
0.11354,,
0.12019,,
0.13086,,
0.09751,,
0.08768,,
0.08707,,
0.10823,,
0.0897,,
0.10248,,
0.10296,,
0.11765,,
0.1018,,
0.09774,,
0.09797,,
0.08672,,
0.09961,,
0.10126,,
0.11015,,
0.10496,,
0.11417,,
0.1099,,
0.10849,,
0.10351,,
0.10615,,
0.11697,,
0.11703,,
0.11049,,
0.10665,,
0.10172,,
0.10688,,
0.09931,,
0.09381,,
0.1127,,
0.10287,,
0.09645,,
0.10943,,
0.1069,,
0.11353,,
0.0987,,
0.10132,,
0.12231,,
0.12109,,
0.11276,,
0.1042,,
0.08779,,
0.0975,,
0.11253,,
0.08788,,
0.09747,,
0.11533,,
0.10538,,
0.09278,,
0.09668,,
0.0953,,
0.09575,,
0.11946,,
0.11668,,
0.1265,,
0.11581,,
0.09381,,
0.09317,,
0.11797,,
0.08583,,
0.08702,,
0.0948,,
0.0933,,
0.10301,,
0.11183,,
0.10403,,
0.09665,,
0.09757,,
0.10381,,
0.11938,,
0.10209,,
0.11286,,
0.08961,,
0.09133,,
0.08884,,
0.09808,,
0.11403,,
0.09624,,
0.11278,,
0.09731,,
0.09484,,
0.11222,,
0.08762,,
0.08797,,
0.09131,,
0.092,,
0.09617,,
0.11459,,
0.11549,,
0.1,,
0.10909,,
0.11702,,
0.14321,,
0.10275,,
0.10048,,
0.09531,,
0.10672,,
0.10222,,
0.09597,,
0.08979,,
0.09148,,
0.10576,,
0.11263,,
0.11102,,
0.08476,,
0.09497,,
0.09938,,
0.09752,,
0.11544,,
0.09942,,
0.12524,,
0.10895,,
0.09323,,
0.10748,,
0.10591,,
0.11675,,
0.10297,,
0.09953,,
0.11257,,
0.12002,,
0.10593,,
0.1287,,
0.10963,,
0.10235,,
0.10621,,
0.10517,,
0.12249,,
0.11506,,
0.10318,,
0.08186,,
0.09782,,
0.09353,,
0.08806,,
0.09852,,
0.09756,,
0.09915,,
0.10546,,
0.0904,,
0.10274,,
0.08957,,
0.11532,,
0.09778,,
0.10183,,
0.12145,,
0.09757,,
0.11344,,
0.08992,,
0.08786,,
0.09977,,
0.11017,,
0.08655,,
0.11131,,
0.10869,,
0.10811,,
0.11906,,
0.11618,,
0.0942,,
0.10808,,
0.09313,,
0.0873,,
0.10173,,
0.10475,,
0.10174,,
0.10135,,
0.10397,,
0.09215,,
0.11243,,
0.12865,,
0.09688,,
0.11908,,
0.09007,,
0.12826,,
0.09862,,
0.11935,,
0.09428,,
0.12733,,
0.10032,,
0.10262,,
0.12724,,
0.10622,,
0.08343,,
0.09197,,
0.0971,,
0.10576,,
0.10414,,
0.09287,,
0.09979,,
0.09836,,
0.10112,,
0.09885,,
0.13651,,
0.08862,,
0.10197,,
0.11195,,
0.10068,,
0.09387,,
0.12023,,
0.10156,,
0.10917,,
0.09777,,
0.09259,,
0.12901,,
0.09786,,
0.09613,,
0.10086,,
0.11797,,
0.10573,,
0.08958,,
0.11238,,
0.1204,,
0.10401,,
0.09202,,
0.10097,,
0.10051,,
0.10333,,
0.1014,,
0.09268,,
0.09438,,
0.11696,,
0.12282,,
0.10921,,
0.13004,,
0.10906,,
0.10395,,
0.10089,,
0.1013,,
0.10035,,
0.09726,,
0.10115,,
0.08333,,
0.10587,,
0.09723,,
0.09384,,
0.09768,,
0.09562,,
0.08863,,
0.09736,,
0.10373,,
0.1108,,
0.09564,,
0.09301,,
0.10367,,
0.1036,,
0.11595,,
0.0926,,
0.09816,,
0.1103,,
0.12399,,
0.09989,,
0.08529,,
0.09092,,
0.10755,,
0.09982,,
0.10843,,
0.1181,,
0.10353,,
0.09101,,
0.0872,,
0.10313,,
0.09038,,
0.08921,,
0.10185,,
0.09434,,
0.09703,,
0.09359,,
0.09978,,
0.20014,,
0.10687,,
0.09674,,
0.09602,,
0.10028,,
0.10652,,
0.10719,,
0.11713,,
0.09274,,
0.09247,,
0.10964,,
0.09468,,
0.12097,,
0.13936,,
0.31531,,
0.1543,,
0.33549,,
0.25877,,
0.33938,,
0.16741,,
0.24296,,
0.33783,,
0.31332,,
0.11109,,
0.126,,
0.09706,,
0.08863,,
0.0938,,
0.10597,,
0.0948,,
0.10105,,
0.09785,,
0.11211,,
0.08936,,
0.10709,,
0.09948,,
0.10694,,
0.16278,,
0.10137,,
0.10188,,
0.0972,,
0.11562,,
0.16883,,
0.12514,,
0.15324,,
0.12888,,
0.09378,,
0.08994,,
0.11298,,
0.09929,,
0.09608,,
0.10707,,
0.11075,,
0.10647,,
0.11017,,
0.11616,,
0.11615,,
0.10606,,
0.10333,,
0.09756,,
0.09276,,
0.09886,,
0.11826,,
0.10303,,
0.11458,,
0.09321,,
0.10837,,
0.1147,,
0.10503,,
0.10346,,
0.12798,,
0.09297,,
0.12138,,
0.09546,,
0.09485,,
0.12987,,
0.13538,,
0.10068,,
0.09006,,
0.10751,,
0.10053,,
0.11188,,
0.12791,,
0.10627,,
0.11026,,
0.10128,,
0.10955,,
0.12897,,
0.10799,,
0.09398,,
0.11421,,
0.08799,,
0.10915,,
0.12646,,
0.17265,,
0.11613,,
0.099,,
0.14606,,
0.17702,,
0.1094,,
0.10568,,
0.08422,,
0.10244,,
0.10458,,
0.09967,,
0.11078,,
0.14418,,
0.11281,,
0.1407,,
0.12957,,
0.14133,,
0.14678,,
0.15374,,
0.10388,,
0.09381,,
0.11022,,
0.17415,,
0.149,,
0.1143,,
0.12981,,
0.09841,,
0.13385,,
0.11027,,
0.15875,,
0.17784,,
0.10133,,
0.10128,,
0.0981,,
0.08835,,
0.09435,,
0.10307,,
0.09811,,
0.10465,,
0.09714,,
0.09899,,
0.11728,,
0.11472,,
0.11286,,
0.14495,,
0.12433,,
0.12996,,
0.12481,,
0.13158,,
0.13555,,
0.10934,,
0.10837,,
0.10181,,
0.17642,,
0.11372,,
0.09873,,
0.16684,,
0.1045,,
0.31609,,
0.18937,,
0.09406,,
0.15007,,
0.32287,,
0.27789,,
0.27586,,
0.24512,,
0.14888,,
0.11943,,
0.16905,,
0.12041,,
0.11855,,
0.13187,,
0.25143,,
0.31523,,
0.15623,,
0.1496,,
0.27093,,
0.14892,,
0.15411,,
0.13399,,
0.1345,,
0.11673,,
0.142,,
0.14051,,
0.13943,,
0.13509,,
0.11958,,
0.12547,,
0.1145,,
0.15533,,
0.25462,,
0.12452,,
0.12238,,
0.14732,,
0.13937,,
0.14567,,
0.2646,,
0.129,,
0.14262,,
0.09968,,
0.10009,,
0.10326,,
0.09821,,
0.09612,,
0.09676,,
0.09908,,
0.0946,,
0.10489,,
0.0914,,
0.09821,,
0.1206,,
0.10548,,
0.1188,,
0.09613,,
0.11132,,
0.0943,,
0.09948,,
0.09702,,
0.12248,,
0.09213,,
0.09784,,
0.09172,,
0.09441,,
0.11762,,
0.10329,,
0.10437,,
0.10318,,
0.105,,
0.0991,,
0.09398,,
0.12102,,
0.11129,,
0.11719,,
0.1605,,
1.17371,,
0.11297,,
0.09152,,
0.08555,,
0.10352,,
0.09088,,
0.10133,,
0.09759,,
0.09924,,
0.09625,,
0.11004,,
0.10583,,
0.10073,,
0.13825,,
0.10237,,
0.11355,,
0.11537,,
0.178,,
0.17577,,
0.14949,,
0.18023,,
0.14822,,
0.20699,,
0.17801,,
0.17239,,
0.17185,,
0.12015,,
0.10409,,
0.08536,,
0.10176,,
0.09597,,
0.10136,,
0.09954,,
0.10075,,
0.12829,,
0.10357,,
0.11968,,
0.12241,,
0.09644,,
0.106,,
0.09698,,
0.09567,,
0.10781,,
0.09837,,
0.10782,,
0.10127,,
0.10753,,
0.13247,,
0.09573,,
0.11567,,
0.09076,,
0.09771,,
0.09834,,
0.109,,
0.12183,,
0.10679,,
0.0925,,
0.10533,,
0.11718,,
0.10816,,
0.09608,,
0.10088,,
0.11309,,
0.11847,,
0.11423,,
0.11219,,
0.13582,,
0.10723,,
0.1133,,
0.10134,,
0.1171,,
0.0947,,
0.10282,,
0.08672,,
0.11963,,
0.11658,,
0.0962,,
0.12112,,
0.12578,,
0.10839,,
0.10138,,
0.09846,,
0.08618,,
0.106,,
0.10585,,
0.11462,,
0.12007,,
0.14312,,
0.10838,,
0.11603,,
0.12118,,
0.10304,,
0.11438,,
0.10337,,
0.10324,,
0.09062,,
0.14487,,
0.13941,,
0.1099,,
0.10039,,
0.10278,,
0.0974,,
0.1049,,
0.1273,,
0.10149,,
0.11474,,
0.09703,,
0.08865,,
0.09621,,
0.14473,,
0.10385,,
0.10423,,
0.10761,,
0.10475,,
0.09688,,
0.09574,,
0.10487,,
0.13945,,
0.12229,,
0.19611,,
0.12496,,
0.10941,,
0.17087,,
0.25639,,
0.42003,,
0.12721,,
0.12468,,
0.14917,,
0.15831,,
0.0995,,
0.12788,,
0.10082,,
0.16779,,
0.19636,,
0.16579,,
0.13191,,
0.10818,,
0.10797,,
0.09895,,
0.09483,,
0.11752,,
0.10058,,
0.11604,,
0.10724,,
0.13456,,
0.10349,,
0.12118,,
0.10045,,
0.10682,,
0.10229,,
0.10309,,
0.09433,,
0.09146,,
0.10787,,
0.12091,,
0.10468,,
0.1109,,
0.11776,,
0.12467,,
0.10271,,
0.14588,,
0.11344,,
0.10809,,
0.10523,,
0.12636,,
0.11159,,
0.09732,,
0.12453,,
0.09707,,
0.09766,,
0.10111,,
0.10721,,
0.1224,,
0.1078,,
0.10956,,
0.12599,,
0.1097,,
0.10024,,
0.10345,,
0.09634,,
0.13619,,
0.10524,,
0.12941,,
0.10978,,
0.12231,,
0.09708,,
0.12202,,
0.10928,,
0.12574,,
0.1025,,
0.11958,,
0.1313,,
0.12138,,
0.11188,,
0.11151,,
0.10187,,
0.09469,,
0.11159,,
0.12308,,
0.1084,,
0.11708,,
0.10063,,
0.11838,,
0.0992,,
0.09702,,
0.1049,,
0.1246,,
0.10635,,
0.10685,,
0.10553,,
0.17791,,
0.10502,,
0.1021,,
0.12179,,
0.10621,,
0.09609,,
0.10779,,
0.12172,,
0.0987,,
0.09837,,
0.11527,,
0.10364,,
0.13877,,
0.10062,,
0.11237,,
0.09953,,
0.11918,,
0.10325,,
0.11027,,
0.12113,,
0.11237,,
0.09189,,
0.12633,,
0.1176,,
0.10134,,
0.10558,,
0.12422,,
0.10103,,
0.10838,,
0.12824,,
0.10083,,
0.08521,,
0.0989,,
0.10523,,
0.11113,,
0.10872,,
0.11831,,
0.11368,,
0.1032,,
0.09627,,
0.11465,,
0.12013,,
0.0936,,
0.11079,,
0.10906,,
0.10551,,
0.12818,,
0.09378,,
0.10311,,
0.09871,,
0.10253,,
0.1071,,
0.11943,,
0.11891,,
0.10084,,
0.11982,,
0.10707,,
0.18563,,
0.11641,,
0.18101,,
0.15571,,
0.18879,,
0.19731,,
0.1923,,
0.10469,,
0.11656,,
0.12343,,
0.10219,,
0.10856,,
0.11021,,
0.0969,,
0.23195,,
0.09781,,
0.10298,,
0.09703,,
0.11728,,
0.10671,,
0.10767,,
0.09284,,
0.11199,,
0.09847,,
0.09343,,
0.10302,,
0.10587,,
0.13496,,
0.10613,,
0.09177,,
0.15394,,
0.10325,,
0.10361,,
0.10511,,
0.09823,,
0.08904,,
0.1038,,
0.10106,,
0.10611,,
0.09946,,
0.10991,,
0.10779,,
0.10049,,
0.09674,,
0.10232,,
0.09624,,
0.121,,
0.10184,,
0.12384,,
0.0978,,
0.10016,,
0.09819,,
0.09515,,
0.12509,,
0.09166,,
0.10386,,
0.12528,,
0.09305,,
0.11411,,
0.08703,,
0.09914,,
0.09792,,
0.11563,,
0.09088,,
0.11955,,
0.10176,,
0.09963,,
0.09487,,
0.10919,,
0.09957,,
0.10095,,
0.0958,,
0.10893,,
0.12167,,
0.1123,,
0.12691,,
0.10579,,
0.09863,,
0.12948,,
0.11718,,
0.12034,,
0.12423,,
0.16721,,
0.14128,,
0.10639,,
0.11163,,
0.13131,,
0.11365,,
0.08925,,
0.14088,,
0.10575,,
0.12291,,
0.10935,,
0.10118,,
0.11419,,
0.11496,,
0.09884,,
0.12849,,
0.123,,
0.10261,,
0.10719,,
0.1165,,
0.11493,,
0.10213,,
0.13314,,
0.10999,,
0.10629,,
0.10435,,
0.11013,,
0.10853,,
0.11005,,
0.11504,,
0.12002,,
0.09792,,
0.10657,,
0.10881,,
0.08977,,
0.11095,,
0.09665,,
0.09606,,
0.09325,,
0.0922,,
0.11957,,
0.10484,,
0.09915,,
0.10865,,
0.10162,,
0.10404,,
0.13019,,
0.10478,,
0.10819,,
0.11544,,
0.1069,,
0.10071,,
0.09292,,
0.10161,,
0.11432,,
0.12279,,
0.09481,,
0.099,,
0.13347,,
0.10711,,
0.10173,,
0.11042,,
0.12149,,
0.10555,,
0.12177,,
0.10163,,
0.11772,,
0.11466,,
0.09743,,
0.1058,,
0.09912,,
0.09941,,
0.10132,,
0.11927,,
0.11231,,
0.17375,,
0.19675,,
0.14933,,
0.10972,,
0.09903,,
0.12232,,
0.11586,,
0.12705,,
0.14665,,
0.11908,,
0.10648,,
0.11578,,
0.11428,,
0.09671,,
0.10839,,
0.11782,,
0.1044,,
0.13422,,
0.08937,,
0.1159,,
0.10247,,
0.13492,,
0.14368,,
0.10693,,
0.08903,,
0.11085,,
0.15534,,
0.12743,,
0.12313,,
0.11438,,
0.13305,,
0.11397,,
0.11236,,
0.10886,,
0.10407,,
0.4326,,
0.15141,,
0.13045,,
0.10974,,
0.1707,,
0.20167,,
0.13983,,
0.15125,,
0.1678,,
0.11566,,
0.11081,,
0.14599,,
0.12432,,
0.10909,,
0.10912,,
0.10323,,
0.13215,,
0.12637,,
0.11198,,
0.10435,,
0.13464,,
0.11224,,
0.10753,,
0.11669,,
0.14616,,
0.14458,,
0.11247,,
0.12209,,
0.10578,,
0.10637,,
0.11169,,
0.0985,,
0.09134,,
0.13007,,
0.09441,,
0.14709,,
0.09322,,
0.13548,,
0.1293,,
0.09939,,
0.12181,,
0.12736,,
0.09686,,
0.12645,,
0.11292,,
0.20758,,
0.16226,,
0.17758,,
0.21255,,
0.10903,,
0.11695,,
0.14941,,
0.12634,,
0.11623,,
0.16649,,
0.11069,,
0.14491,,
0.12038,,
0.1197,,
0.12092,,
0.11083,,
0.14223,,
0.12604,,
0.16071,,
0.14395,,
0.1643,,
0.10438,,
0.12214,,
0.13821,,
0.16365,,
1.91518,,
0.14991,,
0.09816,,
0.10399,,
0.11571,,
0.10045,,
0.1093,,
0.11305,,
0.11471,,
0.12789,,
0.11252,,
0.13385,,
0.16785,,
0.12963,,
0.10961,,
0.14338,,
0.13586,,
0.10775,,
0.1693,,
0.09528,,
0.11924,,
0.15626,,
0.14864,,
0.09561,,
0.10876,,
0.13667,,
0.0936,,
0.1193,,
0.13712,,
0.13224,,
0.12385,,
0.12132,,
0.163,,
0.10889,,
0.09055,,
0.11041,,
0.11731,,
0.11725,,
0.13387,,
0.1214,,
0.11338,,
0.12435,,
0.10484,,
0.10637,,
0.11141,,
0.1133,,
0.10485,,
0.10528,,
0.09408,,
0.11466,,
0.11612,,
0.09885,,
0.13043,,
0.08995,,
0.10116,,
0.12331,,
0.14858,,
0.15818,,
0.12946,,
0.12702,,
0.13701,,
0.14022,,
0.12146,,
0.09918,,
0.12513,,
0.12291,,
0.10573,,
0.10337,,
0.11926,,
0.11431,,
0.09275,,
0.11616,,
0.10317,,
0.12998,,
0.19455,,
0.12014,,
0.09236,,
0.14205,,
0.12663,,
0.12523,,
0.11472,,
0.08578,,
0.09494,,
0.10483,,
0.11164,,
0.09693,,
0.0898,,
0.11796,,
0.12661,,
0.11515,,
0.09884,,
0.1056,,
0.10637,,
0.10407,,
0.11368,,
0.10193,,
0.09218,,
0.10761,,
0.11568,,
0.10666,,
0.13913,,
0.11137,,
0.08931,,
0.12038,,
0.10589,,
0.12155,,
0.10776,,
0.12585,,
0.10001,,
0.09981,,
0.11925,,
0.14444,,
0.11197,,
0.10693,,
0.10178,,
0.09944,,
0.09719,,
0.09171,,
0.09133,,
0.10246,,
0.11534,,
0.12019,,
0.1428,,
0.09651,,
0.11427,,
0.10243,,
0.10688,,
0.10793,,
0.13027,,
0.10176,,
0.10168,,
0.11192,,
0.10464,,
0.1035,,
0.10448,,
0.11195,,
0.11634,,
0.12647,,
0.08708,,
0.09899,,
0.10872,,
0.09008,,
0.10389,,
0.10736,,
0.09591,,
0.0972,,
0.09147,,
0.10611,,
0.09995,,
0.0784,,
0.08923,,
0.10757,,
0.10297,,
0.10456,,
0.09066,,
0.1108,,
0.10457,,
0.1051,,
0.11669,,
0.10196,,
0.09053,,
0.09868,,
0.10288,,
0.11701,,
0.08815,,
0.09448,,
0.12143,,
0.11716,,
0.11742,,
0.10837,,
0.09903,,
0.09573,,
0.09462,,
0.09043,,
0.09453,,
0.10718,,
0.12167,,
0.09632,,
0.11992,,
0.10059,,
0.09632,,
0.11638,,
0.09334,,
0.11246,,
0.10874,,
0.10567,,
0.09337,,
0.09881,,
0.09489,,
0.09414,,
0.10643,,
0.08759,,
0.10481,,
0.09447,,
0.08958,,
0.09864,,
0.08897,,
0.11121,,
0.11328,,
0.10547,,
0.09678,,
0.09839,,
0.09797,,
0.09958,,
0.09575,,
0.09353,,
0.10961,,
0.11487,,
0.08343,,
0.10637,,
0.10797,,
0.13035,,
0.12622,,
0.10906,,
0.09781,,
0.10558,,
0.11758,,
0.10268,,
0.08458,,
0.10338,,
0.11642,,
0.12867,,
0.10386,,
0.10033,,
0.10103,,
0.08705,,
0.12693,,
0.11014,,
0.09882,,
0.10244,,
0.09777,,
0.08895,,
0.09803,,
0.10314,,
0.09776,,
0.12043,,
0.10197,,
0.10193,,
0.10876,,
0.1096,,
0.08626,,
0.09667,,
0.08661,,
0.09209,,
0.09292,,
0.10475,,
0.09095,,
0.08157,,
0.08652,,
0.08799,,
0.09833,,
0.0959,,
0.09132,,
0.09202,,
0.10569,,
0.1064,,
0.09845,,
0.10006,,
0.09678,,
0.09732,,
0.10579,,
0.10012,,
0.09738,,
0.09385,,
0.08674,,
0.11009,,
0.09098,,
0.09624,,
0.09867,,
0.109,,
0.10505,,
0.09712,,
0.09352,,
0.085,,
0.09843,,
0.10363,,
0.09015,,
0.1082,,
0.09583,,
0.10289,,
0.1037,,
0.09419,,
0.11018,,
0.08082,,
0.1001,,
0.08127,,
0.10541,,
0.11771,,
0.09191,,
0.09177,,
0.08714,,
0.1085,,
0.08859,,
0.09893,,
0.10019,,
0.09609,,
0.09301,,
0.09084,,
0.10123,,
0.09625,,
0.08995,,
0.11268,,
0.10875,,
0.09872,,
0.08791,,
0.12263,,
0.10525,,
0.08681,,
0.12389,,
0.10729,,
0.10493,,
0.11506,,
0.11304,,
0.09091,,
0.10619,,
0.09626,,
0.10431,,
0.10148,,
0.10213,,
0.09688,,
0.11959,,
0.09586,,
0.08924,,
0.11287,,
0.1241,,
0.0951,,
0.12261,,
0.12111,,
0.11002,,
0.1347,,
0.10463,,
0.09113,,
0.0967,,
0.09666,,
0.0926,,
0.11044,,
0.09348,,
0.09488,,
0.08894,,
0.09014,,
0.09099,,
0.11186,,
0.11975,,
0.09637,,
0.08649,,
0.09907,,
0.10366,,
0.09695,,
0.09722,,
0.1262,,
0.11898,,
0.09289,,
0.12066,,
0.10195,,
0.10166,,
0.11073,,
0.10365,,
0.08985,,
0.09263,,
0.11499,,
0.12557,,
0.11885,,
0.0919,,
0.10276,,
0.12439,,
0.1004,,
0.1085,,
0.11603,,
0.11928,,
0.09581,,
0.10851,,
0.11047,,
0.0992,,
0.08576,,
0.10077,,
0.10857,,
0.12506,,
0.116,,
0.12574,,
0.1044,,
0.09436,,
0.08552,,
0.10347,,
0.11624,,
0.11207,,
0.09397,,
0.08208,,
0.08932,,
0.1124,,
0.08493,,
0.08827,,
0.10815,,
0.10757,,
0.12424,,
0.11371,,
0.12044,,
0.08517,,
0.13064,,
0.10407,,
0.12002,,
0.13507,,
0.10788,,
0.09645,,
0.09014,,
0.10481,,
0.09053,,
0.0986,,
0.09467,,
0.08885,,
0.10024,,
0.09467,,
0.09938,,
0.10422,,
0.10483,,
0.10036,,
0.11623,,
0.09701,,
0.10351,,
0.10836,,
0.09747,,
0.10016,,
0.1006,,
0.13419,,
0.09382,,
0.10262,,
0.09398,,
0.13264,,
0.10819,,
0.10815,,
0.10052,,
0.10777,,
0.08868,,
0.11089,,
0.13526,,
0.10747,,
0.0949,,
0.09535,,
0.09502,,
0.08875,,
0.09284,,
0.09959,,
0.08877,,
0.10616,,
0.1257,,
0.12435,,
0.09149,,
0.11382,,
0.10698,,
0.09724,,
0.0934,,
0.11739,,
0.1132,,
0.11117,,
0.17998,,
0.09835,,
0.10914,,
0.12939,,
0.10892,,
0.16688,,
0.1038,,
0.10834,,
0.36229,,
0.09273,,
0.09083,,
0.09851,,
0.11252,,
0.11421,,
0.13843,,
0.17429,,
0.11947,,
0.1356,,
0.10877,,
0.09753,,
0.10558,,
0.12143,,
0.09971,,
0.12351,,
0.09361,,
0.09217,,
0.09175,,
0.0955,,
0.09987,,
0.12151,,
0.1189,,
0.0952,,
0.09,,
0.08991,,
0.10193,,
0.101,,
0.08976,,
0.10821,,
0.10405,,
0.10398,,
0.10017,,
0.11236,,
0.09625,,
0.10294,,
0.12141,,
0.10272,,
0.11979,,
0.10766,,
0.13335,,
0.09932,,
0.08856,,
0.10324,,
0.10049,,
0.09326,,
0.09981,,
0.09919,,
0.11298,,
0.10063,,
0.10242,,
0.10635,,
0.11715,,
0.11346,,
0.09084,,
0.09846,,
0.08448,,
0.10683,,
0.10728,,
0.10939,,
0.10214,,
0.10111,,
0.08905,,
0.08603,,
0.09069,,
0.10001,,
0.11468,,
0.09841,,
0.12118,,
0.11932,,
0.10945,,
0.10418,,
0.10029,,
0.10418,,
0.0943,,
0.10419,,
0.09444,,
0.11417,,
0.10489,,
0.10524,,
0.11111,,
0.0972,,
0.10591,,
0.12234,,
0.09292,,
0.10869,,
0.11351,,
0.1172,,
0.10067,,
0.09665,,
0.09275,,
0.09935,,
0.10209,,
0.09315,,
0.09615,,
0.11734,,
0.09104,,
0.09205,,
0.09378,,
0.11096,,
0.12991,,
0.11893,,
0.09792,,
0.09137,,
0.10129,,
0.10165,,
0.09984,,
0.11817,,
0.10876,,
0.17877,,
1.20981,,
0.11045,,
0.10281,,
0.13278,,
0.11464,,
0.11181,,
0.14423,,
0.10558,,
0.1321,,
0.12978,,
0.1048,,
0.09329,,
0.08467,,
0.0949,,
0.10272,,
0.11496,,
0.09262,,
0.12156,,
0.11156,,
0.09301,,
0.08608,,
0.10585,,
0.17944,,
0.14249,,
0.09445,,
0.10901,,
0.11061,,
0.10196,,
0.13802,,
0.10273,,
0.1184,,
0.13371,,
0.12752,,
0.12707,,
0.11262,,
0.09816,,
0.1011,,
0.12777,,
0.12971,,
0.10002,,
0.11403,,
0.10873,,
0.1353,,
0.25108,,
0.0997,,
0.09576,,
0.13614,,
0.13829,,
0.09927,,
0.09485,,
0.09686,,
0.0831,,
0.10534,,
0.10675,,
0.13267,,
0.09982,,
0.09267,,
0.0954,,
0.10114,,
0.09626,,
0.09687,,
0.10681,,
0.09688,,
0.12376,,
0.10552,,
0.10943,,
0.12249,,
0.09374,,
0.10868,,
0.10815,,
0.12628,,
0.10215,,
0.10296,,
0.09379,,
0.09908,,
0.11443,,
0.1052,,
0.10668,,
0.12226,,
0.09755,,
0.10859,,
0.10114,,
0.10302,,
0.10535,,
0.10543,,
0.09056,,
0.09921,,
0.09645,,
0.09236,,
0.10244,,
0.11822,,
0.09791,,
0.10042,,
0.09836,,
0.12158,,
0.10987,,
0.10851,,
0.10541,,
0.10952,,
0.0951,,
0.10163,,
0.09466,,
0.09724,,
0.09706,,
0.12342,,
0.09172,,
0.10468,,
0.10168,,
0.09084,,
0.09681,,
0.09101,,
0.10059,,
0.09645,,
0.09633,,
0.09001,,
0.10447,,
0.09985,,
0.09654,,
0.10193,,
0.1079,,
0.09615,,
0.10096,,
0.08586,,
0.10164,,
0.11463,,
0.10567,,
0.12764,,
0.08962,,
0.12509,,
0.10251,,
0.12353,,
0.11096,,
0.08956,,
0.12233,,
0.09953,,
0.10863,,
0.10298,,
0.10033,,
0.11814,,
0.12339,,
0.09227,,
0.08701,,
0.09094,,
0.10792,,
0.08859,,
0.13566,,
0.09646,,
0.10938,,
0.11453,,
0.13439,,
0.09578,,
0.09248,,
0.09259,,
0.1019,,
0.09458,,
0.11091,,
0.0948,,
0.1098,,
0.10537,,
0.10202,,
0.08985,,
0.09075,,
0.10443,,
0.08494,,
0.10134,,
0.10374,,
0.08927,,
0.09277,,
0.09207,,
0.09478,,
0.10254,,
0.1131,,
0.09663,,
0.09015,,
0.08473,,
0.09604,,
0.10243,,
0.09447,,
0.11504,,
0.10227,,
0.11542,,
0.09466,,
0.12129,,
0.1116,,
0.10242,,
0.09665,,
0.11226,,
0.11227,,
0.12282,,
0.10927,,
0.11166,,
0.0953,,
0.09209,,
0.08845,,
0.10407,,
0.10254,,
0.09027,,
0.1215,,
0.11564,,
0.12164,,
0.13382,,
0.10378,,
0.10472,,
0.10768,,
0.10841,,
0.11675,,
0.09964,,
0.12517,,
0.09016,,
0.0883,,
0.08755,,
0.10709,,
0.10172,,
0.09483,,
0.10011,,
0.10878,,
0.09354,,
0.0988,,
0.101,,
0.11569,,
0.12035,,
0.10304,,
0.13764,,
0.1059,,
0.0944,,
0.10669,,
0.09263,,
0.09995,,
0.1077,,
0.09325,,
0.0876,,
0.08491,,
0.10917,,
0.10032,,
0.08547,,
0.09639,,
0.10446,,
0.09473,,
0.10124,,
0.0943,,
0.10946,,
0.10067,,
0.12422,,
0.10305,,
0.11257,,
0.08494,,
0.09245,,
0.09087,,
0.10849,,
0.10642,,
0.10533,,
0.09169,,
0.09531,,
0.09629,,
0.09785,,
0.0965,,
0.09493,,
0.08666,,
0.10443,,
0.10096,,
0.09031,,
0.09752,,
0.08974,,
0.09398,,
0.09479,,
0.0947,,
0.09985,,
0.10515,,
0.09432,,
0.10425,,
0.09189,,
0.09713,,
0.0957,,
0.09459,,
0.09489,,
0.10308,,
0.09262,,
0.09966,,
0.10192,,
0.09574,,
0.0924,,
0.09413,,
0.09935,,
0.10049,,
0.09292,,
0.09357,,
0.09927,,
0.08995,,
0.08992,,
0.10889,,
0.11031,,
0.09362,,
0.08134,,
0.09346,,
0.10005,,
0.08882,,
0.10486,,
0.09972,,
0.09083,,
0.08816,,
0.09573,,
0.1138,,
0.10667,,
0.09787,,
0.09227,,
0.09748,,
0.11562,,
0.11923,,
0.10337,,
0.09376,,
0.12485,,
0.11861,,
0.1003,,
0.10429,,
0.12092,,
0.10844,,
0.12239,,
0.10004,,
0.09506,,
0.10153,,
0.1162,,
0.10772,,
0.10854,,
0.1294,,
0.11957,,
0.11226,,
0.09948,,
0.09637,,
0.10076,,
0.09595,,
0.09289,,
0.11272,,
0.10958,,
0.09492,,
0.10145,,
0.10509,,
0.09716,,
0.10652,,
0.09603,,
0.10771,,
0.10413,,
0.10981,,
0.11051,,
0.10493,,
0.11286,,
0.11344,,
0.11488,,
0.12355,,
0.14805,,
0.10612,,
0.12988,,
0.10964,,
0.09955,,
0.09412,,
0.10115,,
0.10654,,
0.09823,,
0.11678,,
0.10406,,
0.11733,,
0.09414,,
0.11653,,
0.11666,,
0.1179,,
0.1088,,
0.11649,,
0.10905,,
0.11034,,
0.12034,,
0.11208,,
0.11905,,
0.10114,,
0.1086,,
0.12134,,
0.13408,,
0.11937,,
0.14071,,
0.1133,,
0.10798,,
0.1016,,
0.11456,,
0.10996,,
0.10737,,
0.10587,,
0.10973,,
0.1163,,
0.10586,,
0.10293,,
0.13489,,
0.09955,,
0.10311,,
0.10175,,
0.09319,,
0.10192,,
0.13401,,
0.0977,,
0.09655,,
0.09039,,
0.08501,,
0.1031,,
0.09372,,
0.10208,,
0.09707,,
0.11771,,
0.14775,,
0.11692,,
0.14358,,
0.17811,,
0.16523,,
0.089,,
0.09522,,
0.10453,,
0.12412,,
0.10868,,
0.10333,,
0.11013,,
0.09346,,
0.12418,,
0.11415,,
0.09735,,
0.10316,,
0.09944,,
0.12201,,
0.10725,,
0.10352,,
0.10127,,
0.10882,,
0.09492,,
0.09583,,
0.109,,
0.11248,,
0.11835,,
0.10843,,
0.1135,,
0.11518,,
0.10758,,
0.1407,,
0.11095,,
0.10547,,
0.12259,,
0.11556,,
0.1098,,
0.12888,,
0.09281,,
0.12435,,
0.11541,,
0.1033,,
0.10463,,
0.09793,,
0.09709,,
0.11419,,
0.10054,,
0.09858,,
0.12141,,
0.10607,,
0.10749,,
0.13378,,
0.15588,,
0.14847,,
0.12449,,
0.10146,,
0.13531,,
0.11053,,
0.09541,,
0.11785,,
0.10018,,
0.11123,,
0.15188,,
0.12588,,
0.11878,,
0.11847,,
0.32166,,
0.17752,,
0.1183,,
0.1208,,
0.13537,,
0.14995,,
0.22205,,
0.18173,,
0.14599,,
0.10687,,
0.11326,,
0.11668,,
0.09229,,
0.09495,,
0.10885,,
0.10936,,
0.11061,,
0.09883,,
0.11351,,
0.12057,,
0.11444,,
0.10231,,
0.10564,,
0.11505,,
0.09728,,
0.09784,,
0.12164,,
0.10683,,
0.09277,,
0.10655,,
0.10401,,
0.11337,,
0.12585,,
0.10372,,
0.10713,,
0.12245,,
0.12878,,
0.10713,,
0.0994,,
0.12476,,
0.10978,,
0.11037,,
0.12706,,
0.10078,,
0.09205,,
0.09832,,
0.10973,,
0.10204,,
0.10643,,
0.1032,,
0.11757,,
0.11343,,
0.11045,,
0.12341,,
0.11764,,
0.11006,,
0.11618,,
0.10027,,
0.0952,,
0.10442,,
0.09627,,
0.09918,,
0.09116,,
0.10406,,
0.11714,,
0.08959,,
0.09123,,
0.08808,,
0.13112,,
0.11537,,
0.10208,,
0.10572,,
0.09704,,
0.10272,,
0.10833,,
0.09498,,
0.10448,,
0.11458,,
0.10749,,
0.09622,,
0.1094,,
0.09766,,
0.10082,,
0.10027,,
0.12056,,
0.13588,,
0.10413,,
0.13608,,
0.09241,,
0.10982,,
0.08682,,
0.08525,,
0.07765,,
0.07815,,
0.08125,,
0.09312,,
0.09353,,
0.09325,,
0.09789,,
0.0967,,
0.07961,,
0.07969,,
0.08179,,
0.076,,
0.08143,,
0.08807,,
0.10973,,
0.09771,,
0.09468,,
0.09755,,
0.09696,,
0.1187,,
0.09247,,
0.19505,,
0.0956,,
0.1054,,
0.09892,,
0.09425,,
0.10327,,
0.10326,,
0.09084,,
0.09309,,
0.09834,,
0.07861,,
0.09343,,
0.10015,,
0.08967,,
0.09247,,
0.09296,,
0.08235,,
0.08351,,
0.11088,,
0.08915,,
0.09283,,
0.10389,,
0.09425,,
0.10271,,
0.11781,,
0.09668,,
0.11513,,
0.10201,,
0.10381,,
0.10541,,
0.13417,,
0.10963,,
0.11263,,
0.09144,,
0.09942,,
0.09185,,
0.09483,,
0.10181,,
0.08393,,
0.09001,,
0.09376,,
0.10223,,
0.09573,,
0.09981,,
0.10175,,
0.0977,,
0.08773,,
0.09576,,
0.09454,,
0.1106,,
0.10827,,
0.10013,,
0.09498,,
0.0976,,
0.11025,,
0.13239,,
0.11594,,
0.13084,,
0.12874,,
0.11452,,
0.11175,,
0.09483,,
0.1056,,
0.09919,,
0.08843,,
0.09544,,
0.11249,,
0.10022,,
0.099,,
0.10086,,
0.09681,,
0.09816,,
0.1085,,
0.14115,,
0.11225,,
0.1168,,
0.09623,,
0.10944,,
0.11475,,
0.08547,,
0.10452,,
0.0844,,
0.08872,,
0.09666,,
0.09676,,
0.09792,,
0.09231,,
0.09712,,
0.10602,,
0.09795,,
0.09346,,
0.09894,,
0.10587,,
0.08937,,
0.1279,,
0.10359,,
0.09352,,
0.10152,,
0.11675,,
0.1011,,
0.11165,,
0.1141,,
0.09914,,
0.11596,,
0.11363,,
0.09738,,
0.14514,,
0.10135,,
0.10676,,
0.11256,,
0.11288,,
0.09994,,
0.11651,,
0.09635,,
0.09403,,
0.09776,,
0.12665,,
0.12035,,
0.09751,,
0.13514,,
0.09681,,
0.10602,,
0.10514,,
0.12002,,
0.10557,,
0.14871,,
0.10194,,
0.10244,,
0.09305,,
0.10606,,
0.11348,,
0.1223,,
0.1197,,
0.1098,,
0.12988,,
0.09604,,
0.10782,,
0.10381,,
0.11725,,
0.09652,,
0.12405,,
0.1363,,
0.70604,,
0.10466,,
0.13056,,
0.11163,,
0.13691,,
0.09797,,
0.11582,,
0.10675,,
0.10846,,
0.09391,,
0.09753,,
0.11479,,
0.14029,,
0.10365,,
0.0985,,
0.08538,,
0.11092,,
0.0909,,
0.10358,,
0.09079,,
0.09743,,
0.12182,,
0.09843,,
0.12566,,
0.09724,,
0.09657,,
0.11153,,
0.09719,,
0.11215,,
0.10765,,
0.09231,,
0.1186,,
0.10464,,
0.09823,,
0.09888,,
0.10368,,
0.11156,,
0.13262,,
0.10121,,
0.11143,,
0.09654,,
0.11079,,
0.09964,,
0.10731,,
0.10725,,
0.10068,,
0.10953,,
0.09989,,
0.09344,,
0.1006,,
0.11354,,
0.09092,,
0.11976,,
0.09309,,
0.11286,,
0.11307,,
0.10662,,
0.11929,,
0.09953,,
0.1108,,
0.09923,,
0.09543,,
0.10199,,
0.09928,,
0.10319,,
0.09731,,
0.09307,,
0.11249,,
0.12758,,
0.09323,,
0.09426,,
0.10001,,
0.11209,,
0.09711,,
0.09578,,
0.10131,,
0.09732,,
0.09213,,
0.10014,,
0.09755,,
0.09091,,
0.09534,,
0.08384,,
0.09506,,
0.09782,,
0.08946,,
0.097,,
0.09187,,
0.08303,,
0.08893,,
0.09814,,
0.09936,,
0.12292,,
0.10431,,
0.09315,,
0.09757,,
0.10444,,
0.10916,,
0.09828,,
0.08267,,
0.10973,,
0.12463,,
0.09778,,
0.11958,,
0.09108,,
0.09354,,
0.10121,,
0.11039,,
0.09152,,
0.11762,,
0.10119,,
0.11617,,
0.10812,,
0.13028,,
0.0986,,
0.12275,,
0.12572,,
0.11946,,
0.10637,,
0.13935,,
0.11092,,
0.09984,,
0.10085,,
0.09214,,
0.09724,,
0.09219,,
0.09307,,
0.10499,,
0.09414,,
0.09116,,
0.09479,,
0.09423,,
0.09847,,
0.09658,,
0.10417,,
0.10126,,
0.10035,,
0.0914,,
0.0902,,
0.09802,,
0.09653,,
0.10493,,
0.10161,,
0.12024,,
0.11217,,
0.09051,,
0.08797,,
0.10305,,
0.09037,,
0.1098,,
0.10414,,
0.10274,,
0.11042,,
0.11923,,
0.09674,,
0.12218,,
0.10002,,
0.12809,,
0.16173,,
0.09233,,
0.10886,,
0.09715,,
0.0953,,
0.09707,,
0.11284,,
0.10304,,
0.11229,,
0.11551,,
0.09109,,
0.11098,,
0.10144,,
0.09652,,
0.11636,,
0.1123,,
0.12137,,
0.10815,,
0.10196,,
0.09207,,
0.14362,,
0.12794,,
0.12486,,
0.09643,,
0.09732,,
0.09695,,
0.08965,,
0.09801,,
0.10126,,
0.10376,,
0.12262,,
0.12401,,
0.10611,,
0.12391,,
0.11177,,
0.12864,,
0.11652,,
0.10483,,
0.10951,,
0.10662,,
0.09,,
0.08906,,
0.1024,,
0.0881,,
0.09579,,
0.09424,,
0.09133,,
0.09482,,
0.10054,,
0.10299,,
0.09957,,
0.10207,,
0.10389,,
0.09544,,
0.11752,,
0.10157,,
0.10607,,
0.09116,,
0.10314,,
0.09776,,
0.10536,,
0.10781,,
0.08174,,
0.09068,,
0.11281,,
0.11699,,
0.10675,,
0.096,,
0.11569,,
0.10042,,
0.10587,,
0.10637,,
0.10997,,
0.11854,,
0.14332,,
0.14404,,
0.10699,,
0.08832,,
0.08558,,
0.09698,,
0.09402,,
0.11805,,
0.1262,,
0.11746,,
0.13289,,
0.16399,,
0.09064,,
0.10656,,
0.10594,,
0.10177,,
0.09702,,
0.11198,,
0.11997,,
0.1262,,
0.09386,,
0.09589,,
0.11984,,
0.10106,,
0.1122,,
0.08728,,
0.09517,,
0.10567,,
0.08742,,
0.09732,,
0.10614,,
0.09769,,
0.08996,,
0.10928,,
0.11665,,
0.11866,,
0.11166,,
0.0885,,
0.10796,,
0.09742,,
0.09568,,
0.1183,,
0.1018,,
0.10354,,
0.09341,,
0.09463,,
0.08966,,
0.08886,,
0.097,,
0.10803,,
0.09374,,
0.11054,,
0.0903,,
0.10663,,
0.09609,,
0.09068,,
0.11384,,
0.10082,,
0.10292,,
0.10361,,
0.09868,,
0.09005,,
0.09076,,
0.09858,,
0.0942,,
0.0953,,
0.12016,,
0.14078,,
0.11243,,
0.12528,,
0.11538,,
0.11022,,
0.11669,,
0.16694,,
0.29796,,
0.15103,,
0.09763,,
0.09515,,
0.10203,,
0.10765,,
0.10737,,
0.13602,,
0.13716,,
0.11415,,
0.13271,,
0.10595,,
0.10369,,
0.104,,
0.12827,,
0.09449,,
0.10404,,
0.09535,,
0.09759,,
0.1093,,
0.10064,,
0.10501,,
0.13695,,
0.13924,,
0.10386,,
0.09062,,
0.18851,,
0.08357,,
0.10017,,
0.11247,,
0.09756,,
0.09365,,
0.09119,,
0.09489,,
0.09032,,
0.11642,,
0.1265,,
0.12555,,
0.10408,,
0.09637,,
0.10099,,
0.09331,,
0.09888,,
0.10089,,
0.10315,,
0.11245,,
0.12181,,
0.11643,,
0.11354,,
0.11543,,
0.09957,,
0.10634,,
0.10842,,
0.09795,,
0.10279,,
0.09592,,
0.09299,,
0.09903,,
0.08902,,
0.10615,,
0.08578,,
0.10518,,
0.11548,,
0.11815,,
0.1006,,
0.1095,,
0.10807,,
0.13338,,
0.13515,,
0.13224,,
0.11171,,
0.11643,,
0.10013,,
0.10181,,
0.0955,,
0.09191,,
0.10917,,
0.10295,,
0.10582,,
0.11452,,
0.095,,
0.09751,,
0.11295,,
0.11514,,
0.1108,,
0.09392,,
0.09928,,
0.09229,,
0.10725,,
0.11961,,
0.09738,,
0.10028,,
0.11144,,
0.10522,,
0.11001,,
0.11816,,
0.1078,,
0.08942,,
0.0829,,
0.09032,,
0.0953,,
0.09144,,
0.09723,,
0.0904,,
0.10511,,
0.11851,,
0.10485,,
0.11226,,
0.12981,,
0.1059,,
0.10832,,
0.1074,,
0.13232,,
1.25889,,
0.08654,,
0.08809,,
0.09547,,
0.08358,,
0.08469,,
0.08028,,
0.10252,,
0.08525,,
0.11248,,
0.0793,,
0.10424,,
0.08608,,
0.09803,,
0.10329,,
0.08224,,
0.0926,,
0.08091,,
0.08378,,
0.08327,,
0.08633,,
0.09248,,
0.0996,,
0.10543,,
0.10489,,
0.09281,,
0.10466,,
0.08035,,
0.10429,,
0.09008,,
0.09924,,
0.09072,,
0.08848,,
0.10497,,
0.10756,,
0.10259,,
0.10709,,
0.09807,,
0.11031,,
0.09775,,
0.10008,,
0.09235,,
0.10669,,
0.09277,,
0.09731,,
0.10449,,
0.10262,,
0.14912,,
0.08575,,
0.11693,,
0.09435,,
0.105,,
0.09211,,
0.0972,,
0.09908,,
0.10115,,
0.0899,,
0.13111,,
0.08751,,
0.09263,,
0.10258,,
0.09138,,
0.09403,,
0.09766,,
0.08732,,
0.10171,,
0.08946,,
0.08548,,
0.0903,,
0.09837,,
0.11121,,
0.0947,,
0.08747,,
0.10291,,
0.09,,
0.08929,,
0.09265,,
0.10888,,
0.09291,,
0.1283,,
0.09253,,
0.13001,,
0.09414,,
0.10776,,
0.11107,,
0.11714,,
0.10554,,
0.11494,,
0.1383,,
0.107,,
0.10623,,
0.11762,,
0.1068,,
0.10879,,
0.10092,,
0.09858,,
0.11173,,
0.13649,,
0.11444,,
0.09622,,
0.09159,,
0.09797,,
0.09563,,
0.10243,,
0.10586,,
0.09401,,
0.10009,,
0.11563,,
0.09823,,
0.11003,,
0.09531,,
0.16561,,
0.08855,,
0.0945,,
0.10246,,
0.09732,,
0.09802,,
0.11123,,
0.10023,,
0.09291,,
0.10747,,
0.1149,,
0.10226,,
0.09685,,
0.09583,,
0.09689,,
0.10371,,
0.12078,,
0.11983,,
0.11833,,
0.10255,,
0.1187,,
0.1296,,
0.12075,,
0.12555,,
0.09576,,
0.09817,,
0.09672,,
0.10831,,
0.09937,,
0.09616,,
0.09519,,
0.10087,,
0.09486,,
0.10081,,
0.09191,,
0.10985,,
0.11861,,
0.10517,,
0.12629,,
0.1029,,
0.08907,,
0.08703,,
0.0944,,
0.09287,,
0.1038,,
0.09842,,
0.09291,,
0.10072,,
0.11302,,
0.0904,,
0.09686,,
0.10709,,
0.10401,,
0.08921,,
0.11307,,
0.09277,,
0.09667,,
0.1065,,
0.09376,,
0.09498,,
0.0994,,
0.10436,,
0.11237,,
0.10665,,
0.10275,,
0.10591,,
0.09103,,
0.10437,,
0.1078,,
0.10324,,
0.09775,,
0.10368,,
0.11253,,
0.11114,,
0.11671,,
0.12874,,
0.13373,,
0.20882,,
0.2487,,
0.3154,,
0.13502,,
0.11173,,
0.11541,,
0.11762,,
0.10446,,
0.1016,,
0.08836,,
0.10859,,
0.09947,,
0.0858,,
0.09588,,
0.10691,,
0.11375,,
0.11607,,
0.11134,,
0.10985,,
0.12364,,
0.11306,,
0.12579,,
0.0987,,
0.12548,,
0.112,,
0.12875,,
0.14178,,
0.13177,,
0.1571,,
0.13083,,
0.09806,,
0.14458,,
0.11359,,
0.10553,,
0.11715,,
0.10393,,
0.13148,,
0.10916,,
0.10638,,
0.13384,,
0.11087,,
0.10263,,
0.09213,,
0.09625,,
0.10405,,
0.12911,,
0.11059,,
0.10312,,
0.1019,,
0.09734,,
0.12415,,
0.11102,,
0.13272,,
0.1383,,
0.09622,,
0.09816,,
0.1135,,
0.13646,,
0.10181,,
0.09345,,
0.09836,,
0.1168,,
0.12713,,
0.10242,,
0.10733,,
0.10565,,
0.10305,,
0.11387,,
0.1014,,
0.14425,,
0.12118,,
0.10741,,
0.09965,,
0.0928,,
0.11229,,
0.10904,,
0.08425,,
0.09862,,
0.09316,,
0.12193,,
0.12182,,
0.1033,,
0.13044,,
0.0964,,
0.09833,,
0.10199,,
0.10294,,
0.13393,,
0.12008,,
0.10286,,
0.11626,,
0.09596,,
0.09534,,
0.10096,,
0.10803,,
0.13026,,
0.09406,,
0.10294,,
0.09508,,
0.09692,,
0.09536,,
0.13243,,
0.10038,,
0.11388,,
0.09539,,
0.09373,,
0.11194,,
0.13886,,
0.09428,,
0.10092,,
0.0968,,
0.09353,,
0.08611,,
0.09197,,
0.09336,,
0.11185,,
0.09679,,
0.10907,,
0.11017,,
0.11398,,
0.1026,,
0.13023,,
0.11344,,
0.12362,,
0.09646,,
0.09024,,
0.09768,,
0.09346,,
0.09422,,
0.09849,,
0.1116,,
0.13368,,
0.12698,,
0.11681,,
0.10417,,
0.0981,,
0.10388,,
0.11685,,
0.10165,,
0.10287,,
0.1075,,
0.11523,,
0.1134,,
0.09553,,
0.09106,,
0.11489,,
0.09905,,
0.10733,,
0.12077,,
0.1209,,
0.10234,,
0.11021,,
0.10603,,
0.11402,,
0.09718,,
0.09477,,
0.10458,,
0.10588,,
0.12365,,
0.11513,,
0.09962,,
0.10982,,
0.1105,,
0.14056,,
0.10892,,
0.09603,,
0.11615,,
0.12132,,
0.15245,,
0.11584,,
0.11744,,
0.11743,,
0.11812,,
0.1125,,
0.14364,,
0.10125,,
0.10336,,
0.12079,,
0.10076,,
0.10848,,
0.10925,,
0.11626,,
0.09814,,
0.10799,,
0.12369,,
0.14485,,
0.11621,,
0.11891,,
0.10679,,
0.09944,,
0.11383,,
0.13455,,
0.13251,,
0.12858,,
0.10735,,
0.14765,,
0.12038,,
0.10871,,
0.12925,,
0.11767,,
0.09278,,
0.10377,,
0.10886,,
0.11044,,
0.1088,,
0.12843,,
0.11963,,
0.11101,,
0.11293,,
0.10106,,
0.11461,,
0.0975,,
0.13253,,
0.09798,,
0.12957,,
0.09197,,
0.12884,,
0.09685,,
0.09064,,
0.104,,
0.09296,,
0.10771,,
0.11561,,
0.11944,,
0.09452,,
0.1195,,
0.14167,,
0.15647,,
0.10423,,
0.10909,,
0.11976,,
0.1693,,
0.11829,,
0.13642,,
0.11929,,
0.11519,,
0.12459,,
0.09567,,
0.10119,,
0.10604,,
0.12632,,
0.10557,,
0.09781,,
0.13571,,
0.11843,,
0.10121,,
0.12126,,
0.10199,,
0.13141,,
0.11677,,
0.11084,,
0.12459,,
0.12594,,
0.10555,,
0.10254,,
0.09069,,
0.09316,,
0.12812,,
0.11568,,
0.12991,,
0.15323,,
0.12341,,
0.10546,,
0.10988,,
0.10706,,
0.11875,,
0.22498,,
0.17773,,
0.12222,,
0.21588,,
0.16676,,
0.19966,,
0.17147,,
0.13867,,
0.14282,,
0.13745,,
0.12087,,
0.10088,,
0.09444,,
0.10476,,
0.13187,,
0.11875,,
0.10474,,
0.11879,,
0.10909,,
0.09453,,
0.09667,,
0.09791,,
0.1194,,
0.10836,,
0.12443,,
0.12528,,
0.11936,,
0.12222,,
0.10015,,
0.10907,,
0.12807,,
0.13018,,
0.09468,,
0.10764,,
0.11366,,
0.09749,,
0.09735,,
0.10793,,
0.10456,,
0.10223,,
0.12269,,
0.11562,,
0.1475,,
0.12091,,
0.11868,,
0.1007,,
0.09742,,
0.10686,,
0.11696,,
0.10633,,
0.1125,,
0.11581,,
0.12194,,
0.11539,,
0.1113,,
0.11438,,
0.14813,,
0.1359,,
0.10287,,
0.11688,,
0.11684,,
0.11504,,
0.12112,,
0.20425,,
0.1377,,
0.09831,,
0.10964,,
0.08861,,
0.12726,,
0.10335,,
0.10143,,
0.14171,,
0.10485,,
0.11164,,
0.09355,,
0.10187,,
0.13624,,
0.13195,,
0.14086,,
0.10877,,
0.10956,,
0.1096,,
0.10666,,
0.11444,,
0.09561,,
0.10827,,
0.11583,,
0.13371,,
0.14345,,
0.11175,,
0.18612,,
0.13762,,
0.0908,,
0.12008,,
0.12936,,
0.11121,,
0.12356,,
0.14766,,
0.11299,,
1.13622,,
0.11275,,
0.1126,,
0.10012,,
0.08772,,
0.10408,,
0.11518,,
0.09574,,
0.10731,,
0.08587,,
0.10834,,
0.11097,,
0.10483,,
0.10162,,
0.11488,,
0.09752,,
0.10893,,
0.10006,,
0.10254,,
0.10872,,
0.1202,,
0.13083,,
0.11468,,
0.11185,,
0.11567,,
0.09675,,
0.10602,,
0.1228,,
0.11368,,
0.10246,,
0.11228,,
0.10188,,
0.10347,,
0.1039,,
0.12352,,
0.11597,,
0.10265,,
0.10966,,
0.1128,,
0.11911,,
0.11386,,
0.08921,,
0.1205,,
0.1243,,
0.12777,,
0.16056,,
0.14508,,
0.11888,,
0.10715,,
0.10556,,
0.13251,,
0.12112,,
0.1406,,
0.19413,,
0.14196,,
0.12071,,
0.13209,,
0.10376,,
0.1025,,
0.10378,,
0.10555,,
0.11371,,
0.11044,,
0.10364,,
0.12414,,
0.16522,,
0.11548,,
0.11909,,
0.14774,,
0.1184,,
0.11328,,
0.10391,,
0.09455,,
0.11489,,
0.10977,,
0.16551,,
0.09816,,
0.12125,,
0.11431,,
0.12296,,
0.14004,,
0.09572,,
0.10941,,
0.17724,,
0.13348,,
0.10793,,
0.10927,,
0.11025,,
0.0918,,
0.10491,,
0.11572,,
0.10934,,
0.10539,,
0.11715,,
0.10689,,
0.11553,,
0.11909,,
0.08811,,
0.10924,,
0.12802,,
0.1065,,
0.12721,,
0.11705,,
0.11467,,
0.11539,,
0.11497,,
0.15408,,
0.1324,,
0.14077,,
0.10688,,
0.11683,,
0.09434,,
0.08539,,
0.10934,,
0.1055,,
0.1224,,
0.11344,,
0.14005,,
0.10524,,
0.11365,,
0.12492,,
0.14183,,
0.12163,,
0.09781,,
0.12242,,
0.09968,,
0.10295,,
0.13421,,
0.10913,,
0.10937,,
0.12851,,
0.12841,,
0.12837,,
0.10825,,
0.11894,,
0.11556,,
0.13286,,
0.1356,,
0.15564,,
0.10101,,
0.11725,,
0.10591,,
0.10447,,
0.11546,,
0.10923,,
0.10643,,
0.10111,,
0.13408,,
0.13119,,
0.11544,,
0.1372,,
0.1106,,
0.11441,,
0.1482,,
0.1352,,
0.11348,,
0.11212,,
0.12816,,
0.18054,,
0.13232,,
0.12708,,
0.10455,,
0.10195,,
0.1258,,
0.10944,,
0.1172,,
0.12176,,
0.11416,,
0.09775,,
0.11224,,
0.10418,,
0.10712,,
0.1007,,
0.11105,,
0.10424,,
0.09664,,
0.117,,
0.10545,,
0.16123,,
0.11056,,
0.11292,,
0.11192,,
0.10867,,
0.12922,,
0.10141,,
0.10053,,
0.09233,,
0.10201,,
0.12756,,
0.10925,,
0.10993,,
0.1074,,
0.09168,,
0.10189,,
0.1219,,
0.0952,,
0.1082,,
0.1076,,
0.10723,,
0.11214,,
0.11188,,
0.09278,,
0.11068,,
0.13248,,
0.12477,,
0.10649,,
0.0973,,
0.11229,,
0.10246,,
0.10002,,
0.09539,,
0.12455,,
0.11247,,
0.11934,,
0.1441,,
0.11943,,
0.11657,,
0.12663,,
0.10529,,
0.11445,,
0.09764,,
0.11467,,
0.10112,,
0.10559,,
0.12597,,
0.11505,,
0.11955,,
0.12106,,
0.13886,,
0.12573,,
0.12847,,
0.1102,,
0.1274,,
0.10545,,
0.12681,,
0.12489,,
0.11458,,
0.14372,,
0.11612,,
0.12506,,
0.11163,,
0.13677,,
0.10905,,
0.11796,,
0.10947,,
0.089,,
0.09397,,
0.1037,,
0.10428,,
0.09997,,
0.10146,,
0.11935,,
0.13361,,
0.11584,,
0.13137,,
0.10957,,
0.11832,,
0.10697,,
0.10926,,
0.1096,,
0.10053,,
0.09929,,
0.11568,,
0.11715,,
0.10367,,
0.09412,,
0.11287,,
0.1057,,
0.13115,,
0.15818,,
0.13697,,
0.10197,,
0.12712,,
0.12422,,
0.0925,,
0.10276,,
0.10636,,
0.10612,,
0.09348,,
0.09622,,
0.09759,,
0.12726,,
0.11536,,
0.10506,,
0.12251,,
0.16478,,
0.11171,,
0.13889,,
0.10171,,
0.11908,,
0.12084,,
0.11181,,
0.1081,,
0.11184,,
0.12442,,
0.10781,,
0.12287,,
0.11896,,
0.11841,,
0.13697,,
0.12361,,
0.11659,,
0.12919,,
0.09992,,
0.15459,,
0.13652,,
0.11777,,
0.08931,,
0.10954,,
0.11473,,
0.1182,,
0.09189,,
0.0911,,
0.11548,,
0.08827,,
0.09757,,
0.1019,,
0.09424,,
0.11782,,
0.10443,,
0.09956,,
0.10153,,
0.10734,,
0.09213,,
0.10459,,
0.10701,,
0.10545,,
0.10155,,
0.09908,,
0.09877,,
0.1111,,
0.09709,,
0.12884,,
0.10456,,
0.11612,,
0.09915,,
0.13021,,
0.1168,,
0.10945,,
0.12244,,
0.13777,,
0.11905,,
0.13565,,
0.11354,,
0.11189,,
0.09099,,
0.12751,,
0.13432,,
0.11093,,
0.12821,,
0.10252,,
0.10248,,
0.10623,,
0.10783,,
0.12663,,
0.11558,,
0.11479,,
0.11562,,
0.12757,,
0.11755,,
0.10884,,
0.10983,,
0.10856,,
0.14338,,
0.12146,,
0.11317,,
0.14274,,
0.11305,,
0.12867,,
0.11824,,
0.09972,,
0.1063,,
0.09935,,
0.12563,,
0.11827,,
0.13571,,
0.13807,,
0.10798,,
0.11219,,
0.10792,,
0.14279,,
0.11818,,
0.12309,,
0.11918,,
0.10929,,
0.09205,,
0.09831,,
0.11588,,
0.09975,,
0.0996,,
0.11346,,
0.14288,,
0.09941,,
0.11665,,
0.1315,,
0.12526,,
0.11047,,
0.10252,,
0.09071,,
0.12539,,
0.09115,,
0.09721,,
0.10431,,
0.11192,,
0.11343,,
0.10459,,
0.10488,,
0.1165,,
0.12705,,
0.10582,,
0.11791,,
0.13571,,
0.12456,,
0.13335,,
0.12623,,
0.11808,,
0.11739,,
0.12959,,
0.15255,,
0.10494,,
0.14646,,
0.16315,,
0.32144,,
0.20882,,
0.14289,,
0.11715,,
0.23017,,
0.24417,,
0.16657,,
0.1839,,
0.1164,,
0.12881,,
0.11866,,
0.12091,,
0.1109,,
0.1117,,
0.12668,,
0.13381,,
0.17339,,
0.15312,,
0.14357,,
0.15793,,
0.1357,,
0.14038,,
0.15231,,
0.15165,,
0.13239,,
0.13098,,
0.1289,,
0.09774,,
0.09887,,
0.13947,,
0.12619,,
0.15946,,
0.21851,,
0.11846,,
0.14512,,
0.1364,,
0.11234,,
0.12578,,
0.13226,,
0.12615,,
0.13026,,
0.12842,,
0.12057,,
0.1451,,
0.12975,,
0.16518,,
0.17272,,
0.11528,,
0.12759,,
0.1226,,
0.11216,,
0.13954,,
0.10294,,
0.10131,,
0.10948,,
0.1177,,
0.14606,,
0.1191,,
0.10077,,
0.12318,,
0.11327,,
0.11268,,
0.09721,,
0.1266,,
0.13989,,
0.12506,,
0.10418,,
0.13878,,
0.0898,,
0.11667,,
0.13336,,
0.18382,,
0.16125,,
0.16685,,
0.11341,,
0.10607,,
0.12731,,
0.1246,,
0.13086,,
0.10894,,
0.12226,,
0.12111,,
0.11203,,
0.11858,,
0.15765,,
0.10798,,
0.11937,,
0.12853,,
0.14132,,
0.24971,,
1.28625,,
0.14022,,
0.14307,,
0.18602,,
0.15863,,
0.1449,,
0.14137,,
0.18868,,
0.13907,,
0.18833,,
0.13094,,
0.09273,,
0.07901,,
0.117,,
0.08772,,
0.11688,,
0.10426,,
0.10775,,
0.11306,,
0.10909,,
0.1014,,
0.12012,,
0.10311,,
0.10409,,
0.09628,,
0.11998,,
0.1092,,
0.11114,,
0.10544,,
0.11701,,
0.10398,,
0.11345,,
0.09949,,
0.1093,,
0.09905,,
0.11685,,
0.10025,,
0.12178,,
0.09529,,
0.09497,,
0.10794,,
0.1171,,
0.15637,,
0.11652,,
0.14768,,
0.12313,,
0.12172,,
0.13794,,
0.10778,,
0.13601,,
0.12979,,
0.21376,,
0.1105,,
0.11302,,
0.13592,,
0.12477,,
0.16728,,
0.12008,,
0.11355,,
0.15946,,
0.19008,,
0.17545,,
0.12767,,
0.14267,,
0.11165,,
0.12034,,
0.1239,,
0.26334,,
0.15537,,
0.14228,,
0.15507,,
0.14736,,
0.1066,,
0.13081,,
0.16026,,
0.17828,,
0.15955,,
0.21495,,
0.12864,,
0.26994,,
0.18173,,
0.11364,,
0.1377,,
0.14754,,
0.14125,,
0.22267,,
0.15183,,
0.22353,,
0.13968,,
0.10448,,
0.10977,,
0.1399,,
0.10522,,
0.10197,,
0.11807,,
0.09854,,
0.14147,,
0.12269,,
0.13163,,
0.1732,,
0.13937,,
0.17153,,
0.14575,,
0.12697,,
0.11621,,
0.16093,,
0.15154,,
0.13309,,
0.13498,,
0.13334,,
0.11909,,
0.1332,,
0.11135,,
0.13265,,
0.12035,,
0.10955,,
0.11019,,
0.13864,,
0.12816,,
0.12678,,
0.11774,,
0.13959,,
0.12937,,
0.12127,,
0.13297,,
0.11541,,
0.12156,,
0.11926,,
0.13678,,
0.10846,,
0.1358,,
0.1114,,
0.13722,,
0.11717,,
0.1256,,
0.11413,,
0.10508,,
0.11943,,
0.1429,,
0.14194,,
0.11232,,
0.13237,,
0.14626,,
0.13082,,
0.13409,,
0.12565,,
0.12554,,
0.12478,,
0.13154,,
0.12329,,
0.1265,,
0.10997,,
0.13823,,
0.11873,,
0.11271,,
0.15417,,
0.12823,,
0.13827,,
0.12541,,
0.12303,,
0.13094,,
0.13519,,
0.16105,,
0.15048,,
0.13585,,
0.1124,,
0.11769,,
0.11513,,
0.14824,,
0.13651,,
0.15454,,
0.10044,,
0.12015,,
0.1402,,
0.11737,,
0.14817,,
0.13669,,
0.12408,,
0.12527,,
0.12254,,
0.13396,,
0.13106,,
0.1365,,
0.13554,,
0.10847,,
0.15668,,
0.18392,,
0.17213,,
0.17068,,
0.14722,,
0.15611,,
0.16751,,
0.15243,,
0.13159,,
0.15979,,
0.17834,,
0.17466,,
0.14685,,
0.19458,,
0.18491,,
0.13202,,
0.17169,,
0.17117,,
0.23775,,
0.19615,,
0.15628,,
0.15464,,
0.14888,,
0.16198,,
0.18693,,
0.21259,,
0.18943,,
0.13782,,
0.20368,,
0.1497,,
0.16701,,
0.17465,,
0.17194,,
0.13184,,
0.15088,,
0.16027,,
0.17217,,
0.17077,,
0.15104,,
0.15335,,
0.20248,,
0.21361,,
0.26044,,
0.22409,,
0.19261,,
0.24019,,
0.18207,,
0.18521,,
0.19421,,
0.23241,,
0.24836,,
0.22551,,
0.21306,,
0.1707,,
0.17221,,
0.19649,,
0.2047,,
0.3249,,
0.31915,,
0.32464,,
0.18776,,
0.11321,,
0.13316,,
0.11229,,
0.11893,,
0.10461,,
0.10457,,
0.09415,,
0.11703,,
0.11061,,
0.10797,,
0.1175,,
0.10094,,
0.10186,,
0.10628,,
0.09973,,
0.09999,,
0.10441,,
0.13142,,
0.12763,,
0.11418,,
0.12124,,
0.11282,,
0.12004,,
0.11693,,
0.12455,,
0.19809,,
0.10876,,
0.09911,,
0.09508,,
0.09908,,
0.10587,,
0.13868,,
0.10872,,
0.13045,,
0.11829,,
0.11554,,
0.09435,,
0.10209,,
0.1131,,
0.09855,,
0.10605,,
0.09824,,
0.10775,,
0.11152,,
0.11012,,
0.09469,,
0.09411,,
0.09368,,
0.10671,,
0.11543,,
0.10476,,
0.1126,,
0.11189,,
0.10039,,
0.11881,,
0.10565,,
0.11954,,
0.09923,,
0.097,,
0.10338,,
0.09642,,
0.11397,,
0.10473,,
0.11527,,
0.10039,,
0.11915,,
0.11462,,
0.10523,,
0.10403,,
0.10744,,
0.10965,,
0.1163,,
0.11966,,
0.14223,,
0.10019,,
0.15746,,
0.12629,,
0.11933,,
0.10722,,
0.11547,,
0.14179,,
0.10668,,
0.11684,,
0.12633,,
0.13115,,
0.13049,,
0.12786,,
0.12256,,
0.14874,,
0.10789,,
0.11087,,
0.11408,,
0.12412,,
0.08746,,
0.10107,,
0.09374,,
0.12461,,
0.10958,,
0.10958,,
0.10699,,
0.11473,,
0.0963,,
0.11032,,
0.09727,,
0.1276,,
0.11672,,
0.14979,,
0.11294,,
0.14893,,
0.1417,,
0.15258,,
0.11072,,
0.11547,,
0.0984,,
0.11492,,
0.10111,,
0.08768,,
0.09606,,
0.11396,,
0.12433,,
0.1133,,
0.17582,,
0.108,,
0.16708,,
0.11001,,
0.24823,,
0.2279,,
0.11948,,
0.11064,,
0.15241,,
0.17089,,
0.19542,,
0.13007,,
0.12982,,
0.19586,,
0.10568,,
0.1383,,
0.12413,,
0.10985,,
0.08948,,
0.11552,,
0.09964,,
0.09025,,
0.09321,,
0.08861,,
0.09729,,
0.11737,,
0.12996,,
0.10696,,
0.10576,,
0.11961,,
0.11269,,
0.12734,,
0.11911,,
0.0934,,
0.09082,,
0.11079,,
0.1195,,
0.09686,,
0.12378,,
0.11425,,
0.1111,,
0.11568,,
0.15478,,
0.08852,,
0.0874,,
0.11166,,
0.09545,,
0.1062,,
0.10733,,
0.10534,,
0.13965,,
0.14649,,
0.10181,,
0.14321,,
0.14983,,
0.11782,,
0.12625,,
0.13201,,
0.15797,,
0.11634,,
0.1136,,
0.10707,,
0.10727,,
0.1015,,
0.13026,,
0.10801,,
0.12601,,
0.12386,,
0.12031,,
0.10751,,
0.12415,,
0.11991,,
0.13231,,
0.11583,,
0.13989,,
0.12943,,
0.1249,,
0.10403,,
0.09729,,
0.08923,,
0.11941,,
0.10014,,
0.12056,,
0.1311,,
0.10781,,
0.09299,,
0.10872,,
0.12614,,
0.12536,,
0.11035,,
0.127,,
0.12029,,
0.12035,,
0.12084,,
0.12352,,
0.11757,,
0.10844,,
0.14941,,
0.12887,,
0.19559,,
0.14012,,
1.15436,,
0.09703,,
0.13549,,
0.11357,,
0.10547,,
0.10879,,
0.1035,,
0.1192,,
0.1264,,
0.09341,,
0.11883,,
0.11353,,
0.10961,,
0.10771,,
0.11505,,
0.10437,,
0.09404,,
0.10912,,
0.09401,,
0.09715,,
0.09917,,
0.10759,,
0.12276,,
0.09506,,
0.08835,,
0.11647,,
0.11528,,
0.10752,,
0.10322,,
0.10884,,
0.1281,,
0.10978,,
0.12759,,
0.11452,,
0.111,,
0.10873,,
0.10314,,
0.10516,,
0.09201,,
0.10983,,
0.1219,,
0.11514,,
0.10197,,
0.1343,,
0.12062,,
0.12031,,
0.09863,,
0.11308,,
0.10736,,
0.1021,,
0.08524,,
0.0899,,
0.11666,,
0.09799,,
0.11295,,
0.13335,,
0.10848,,
0.15693,,
0.08792,,
0.11725,,
0.0979,,
0.12683,,
0.10418,,
0.11806,,
0.08345,,
0.11887,,
0.11863,,
0.13034,,
0.13659,,
0.11714,,
0.10657,,
0.09759,,
0.12528,,
0.11264,,
0.10247,,
0.10813,,
0.10819,,
0.09244,,
0.1327,,
0.11801,,
0.14385,,
0.11746,,
0.124,,
0.14467,,
0.09613,,
0.10575,,
0.10708,,
0.11823,,
0.08213,,
0.10323,,
0.11614,,
0.1164,,
0.09689,,
0.11508,,
0.10934,,
0.10156,,
0.12458,,
0.09418,,
0.10547,,
0.11935,,
0.10532,,
0.09946,,
0.10037,,
0.11361,,
0.11281,,
0.10242,,
0.11664,,
0.11963,,
0.09774,,
0.12184,,
0.09521,,
0.08559,,
0.10763,,
0.11861,,
0.09759,,
0.11443,,
0.11273,,
0.10075,,
0.10337,,
0.10796,,
0.09307,,
0.09618,,
0.11367,,
0.10878,,
0.11962,,
0.12979,,
0.10996,,
0.09614,,
0.09546,,
0.10002,,
0.10949,,
0.12754,,
0.09895,,
0.11522,,
0.12365,,
0.10527,,
0.11297,,
0.11704,,
0.10826,,
0.09963,,
0.10473,,
0.08932,,
0.09667,,
0.10302,,
0.11231,,
0.11394,,
0.10326,,
0.10162,,
0.10668,,
0.10249,,
0.10433,,
0.10018,,
0.10724,,
0.13464,,
0.09803,,
0.11288,,
0.12102,,
0.12064,,
0.13587,,
0.12914,,
0.12521,,
0.13198,,
0.10954,,
0.10686,,
0.11852,,
0.10795,,
0.09942,,
0.14982,,
0.11723,,
0.12814,,
0.12897,,
0.11403,,
0.11122,,
0.11263,,
0.1186,,
0.10777,,
0.09861,,
0.1188,,
0.11698,,
0.11601,,
0.11549,,
0.09915,,
0.1165,,
0.15643,,
0.36848,,
0.09788,,
0.11656,,
0.12447,,
0.12109,,
0.10694,,
0.10356,,
0.10664,,
0.12838,,
0.11764,,
0.08793,,
0.14043,,
0.13296,,
0.16163,,
0.17489,,
0.11473,,
0.11181,,
0.10181,,
0.13731,,
0.16716,,
0.08791,,
0.12021,,
0.1215,,
0.11387,,
0.14591,,
0.13981,,
0.11835,,
0.12478,,
0.1546,,
0.17526,,
0.21817,,
0.12531,,
0.11114,,
0.14083,,
0.1054,,
0.09359,,
0.10233,,
0.11281,,
0.11996,,
0.13145,,
0.10071,,
0.09015,,
0.11272,,
0.11949,,
0.09335,,
0.14003,,
0.12417,,
0.09769,,
0.12571,,
0.1005,,
0.106,,
0.11819,,
0.11303,,
0.12579,,
0.12641,,
0.12905,,
0.14925,,
0.12657,,
0.10995,,
0.10347,,
0.11226,,
0.1173,,
0.14011,,
0.14377,,
0.12702,,
0.12376,,
0.16404,,
0.13969,,
0.13073,,
0.12301,,
0.1257,,
0.09168,,
0.13825,,
0.14805,,
0.15177,,
0.12491,,
0.10824,,
0.12437,,
0.12668,,
0.13459,,
0.10652,,
0.1476,,
0.13959,,
0.10571,,
0.10936,,
0.10596,,
0.10663,,
0.14435,,
0.13233,,
0.13091,,
0.13537,,
0.12252,,
0.10478,,
0.1022,,
0.09187,,
0.13194,,
0.11264,,
0.10683,,
0.12745,,
0.11261,,
0.11227,,
0.11214,,
0.0979,,
0.11102,,
0.11735,,
0.13687,,
0.1165,,
0.10183,,
0.10736,,
0.1165,,
0.11382,,
0.10114,,
0.11257,,
0.13527,,
0.13277,,
0.10403,,
0.10993,,
0.1067,,
0.11073,,
0.10379,,
0.11457,,
0.11403,,
0.10872,,
0.10239,,
0.13207,,
0.19038,,
0.1291,,
0.10375,,
0.12089,,
0.10388,,
0.10702,,
0.15236,,
0.13653,,
0.12861,,
0.12848,,
0.12044,,
0.12328,,
0.10951,,
0.1222,,
0.11509,,
0.14741,,
0.11206,,
0.10924,,
0.10428,,
0.13326,,
0.10075,,
0.09021,,
0.0987,,
0.10665,,
0.12033,,
0.14841,,
0.14374,,
0.13867,,
0.12097,,
0.12059,,
0.16755,,
0.11598,,
0.10295,,
0.13236,,
0.1412,,
0.10103,,
0.09826,,
0.12535,,
0.12296,,
0.11698,,
0.0923,,
0.13119,,
0.11804,,
0.13942,,
0.09788,,
0.09801,,
0.15674,,
0.14883,,
0.22005,,
0.14041,,
0.13516,,
0.15875,,
0.14313,,
0.15735,,
0.14149,,
0.19361,,
0.20733,,
0.15623,,
0.11379,,
0.11254,,
0.1228,,
0.12457,,
0.12734,,
0.13137,,
0.10773,,
0.10221,,
0.09326,,
0.1171,,
0.1088,,
0.12755,,
0.20069,,
0.17629,,
0.13061,,
0.11655,,
0.13283,,
0.11267,,
0.14276,,
0.10966,,
0.11308,,
0.11014,,
0.13548,,
0.16281,,
0.1125,,
0.11855,,
0.1246,,
0.13688,,
0.11287,,
0.13726,,
0.14278,,
0.14596,,
0.10044,,
0.15254,,
0.16444,,
0.12791,,
0.15348,,
0.29889,,
0.2806,,
0.25727,,
0.14903,,
0.2576,,
0.32991,,
0.53639,,
0.25328,,
0.15475,,
0.10623,,
0.10154,,
0.14236,,
0.12048,,
0.13837,,
0.11221,,
0.11665,,
0.1018,,
0.11157,,
0.1502,,
0.16556,,
0.12512,,
0.13009,,
0.12391,,
0.14232,,
0.12852,,
0.09459,,
0.09068,,
0.14013,,
0.09205,,
0.0899,,
0.10382,,
0.10414,,
0.10554,,
0.10916,,
0.11103,,
0.12258,,
0.11608,,
0.10242,,
0.09582,,
0.09787,,
0.11674,,
0.14392,,
0.11145,,
0.09335,,
0.11211,,
0.10509,,
0.14649,,
0.10347,,
0.1242,,
0.08979,,
0.09084,,
0.11062,,
0.09854,,
0.1228,,
0.12185,,
0.11014,,
0.11556,,
0.12958,,
0.10426,,
0.12855,,
0.13103,,
0.12145,,
0.13303,,
0.12941,,
0.14022,,
0.13851,,
0.11756,,
0.12243,,
0.11528,,
0.12183,,
0.13212,,
0.10331,,
0.20825,,
1.19115,,
0.15696,,
0.1102,,
0.09346,,
0.10719,,
0.10622,,
0.11341,,
0.12541,,
0.09448,,
0.11303,,
0.19522,,
0.42949,,
0.56207,,
0.43416,,
0.16727,,
0.13733,,
0.13224,,
0.10232,,
0.09283,,
0.0815,,
0.09045,,
0.11481,,
0.11503,,
0.09319,,
0.12056,,
0.11231,,
0.09995,,
0.10014,,
0.09594,,
0.1161,,
0.08997,,
0.12194,,
0.09325,,
0.09479,,
0.09484,,
0.10125,,
0.12581,,
0.10447,,
0.10513,,
0.10053,,
0.09036,,
0.09877,,
0.10719,,
0.09194,,
0.11707,,
0.15628,,
0.10688,,
0.10311,,
0.10633,,
0.09366,,
0.13013,,
0.10823,,
0.10193,,
0.11012,,
0.11574,,
0.11921,,
0.10053,,
0.09775,,
0.13334,,
0.10826,,
0.11847,,
0.11053,,
0.10462,,
0.12073,,
0.10734,,
0.09414,,
0.1774,,
0.10506,,
0.12711,,
0.12732,,
0.13232,,
0.11825,,
0.14237,,
0.1095,,
0.11339,,
0.09595,,
0.10446,,
0.10422,,
0.12735,,
0.153,,
0.125,,
0.1126,,
0.10417,,
0.1332,,
0.13569,,
0.13683,,
0.11105,,
0.12698,,
0.09972,,
0.1312,,
0.11297,,
0.11356,,
0.10345,,
0.12009,,
0.094,,
0.11241,,
0.1076,,
0.1308,,
0.12324,,
0.11869,,
0.10027,,
0.13874,,
0.11699,,
0.11249,,
0.12658,,
0.12405,,
0.12995,,
0.10816,,
0.10646,,
0.15422,,
0.10274,,
0.09823,,
0.10565,,
0.17443,,
0.13147,,
0.10201,,
0.10765,,
0.10237,,
0.09929,,
0.10975,,
0.10265,,
0.12403,,
0.09339,,
0.13716,,
0.10814,,
0.12101,,
0.10752,,
0.09537,,
0.0999,,
0.12182,,
0.10458,,
0.13239,,
0.11602,,
0.10429,,
0.10919,,
0.11162,,
0.11949,,
0.11732,,
0.123,,
0.11495,,
0.11158,,
0.22691,,
0.13448,,
0.10441,,
0.1324,,
0.11534,,
0.10673,,
0.09774,,
0.14255,,
0.12275,,
0.10534,,
0.13447,,
0.12158,,
0.11723,,
0.13375,,
0.13007,,
0.10633,,
0.11002,,
0.12038,,
0.10017,,
0.0986,,
0.11195,,
0.11508,,
0.12105,,
0.08515,,
0.08326,,
0.10846,,
0.09623,,
0.10944,,
0.11328,,
0.11463,,
0.09297,,
0.1339,,
0.11167,,
0.13004,,
0.12385,,
0.12209,,
0.10383,,
0.10313,,
0.09914,,
0.11343,,
0.11024,,
0.10906,,
0.10295,,
0.10646,,
0.08809,,
0.11636,,
0.13587,,
0.12762,,
0.09068,,
0.10645,,
0.13892,,
0.10287,,
0.10232,,
0.10586,,
0.10625,,
0.11215,,
0.10722,,
0.09235,,
0.10321,,
0.09668,,
0.1044,,
0.12222,,
0.10786,,
0.11972,,
0.10784,,
0.10361,,
0.1032,,
0.10812,,
0.11253,,
0.10218,,
0.13486,,
0.11808,,
0.15892,,
0.11628,,
0.11585,,
0.10983,,
0.10627,,
0.11164,,
0.11872,,
0.11388,,
0.08557,,
0.10355,,
0.10173,,
0.11287,,
0.11545,,
0.10205,,
0.12245,,
0.12093,,
0.11656,,
0.11591,,
0.10989,,
0.08516,,
0.09135,,
0.1194,,
0.13007,,
0.12351,,
0.12436,,
0.12149,,
0.11302,,
0.09736,,
0.09908,,
0.1045,,
0.10913,,
0.1178,,
0.13805,,
0.13211,,
0.10615,,
0.11962,,
0.12333,,
0.1225,,
0.14139,,
0.11647,,
0.11334,,
0.10881,,
0.10335,,
0.10464,,
0.09898,,
0.1184,,
0.12232,,
0.09981,,
0.09853,,
0.13558,,
0.12891,,
0.08089,,
0.10591,,
0.11133,,
0.10714,,
0.10856,,
0.09905,,
0.15524,,
0.10387,,
0.12503,,
0.11628,,
0.13326,,
0.12055,,
0.10785,,
0.13416,,
0.10959,,
0.10967,,
0.1436,,
0.11885,,
0.10053,,
0.08854,,
0.10413,,
0.14829,,
0.11565,,
0.10335,,
0.09434,,
0.0995,,
0.09475,,
0.10702,,
0.13456,,
0.10709,,
0.09892,,
0.10808,,
0.16014,,
0.1123,,
0.11114,,
0.10794,,
0.10938,,
0.11541,,
0.1163,,
0.09995,,
0.14496,,
0.14688,,
0.11951,,
0.11281,,
0.11997,,
0.11187,,
0.13982,,
0.1271,,
0.12576,,
0.12825,,
0.18235,,
0.10217,,
0.10592,,
0.10609,,
0.12215,,
0.1247,,
0.10802,,
0.11521,,
0.1085,,
0.12681,,
0.11698,,
0.11807,,
0.11213,,
0.09481,,
0.0957,,
0.12955,,
0.12581,,
0.09098,,
0.0889,,
0.1322,,
0.10306,,
0.11647,,
0.10071,,
0.10971,,
0.09621,,
0.13547,,
0.10113,,
0.11485,,
0.10551,,
0.11992,,
0.10373,,
0.10723,,
0.11333,,
0.09039,,
0.11961,,
0.11662,,
0.10907,,
0.10089,,
0.13116,,
0.10367,,
0.09884,,
0.09386,,
0.10451,,
0.10447,,
0.10042,,
0.1044,,
0.11174,,
0.1028,,
0.10779,,
0.09539,,
0.10849,,
0.10743,,
0.12401,,
0.12085,,
0.12206,,
0.11827,,
0.10211,,
0.12674,,
0.12554,,
0.11741,,
0.12496,,
0.10109,,
0.11682,,
0.13608,,
0.15543,,
0.1263,,
0.11645,,
0.11473,,
0.11443,,
0.12064,,
0.15422,,
0.11297,,
0.09798,,
0.12522,,
0.12365,,
0.10654,,
0.12084,,
0.13272,,
0.11454,,
0.08719,,
0.10062,,
0.13734,,
0.11601,,
0.08673,,
0.12824,,
0.10734,,
0.11367,,
0.1483,,
0.12579,,
0.13228,,
0.13123,,
0.09566,,
0.11505,,
0.10397,,
0.09425,,
0.11963,,
0.09533,,
0.12976,,
0.11902,,
0.11925,,
0.12856,,
0.09354,,
0.11244,,
0.12813,,
0.11984,,
0.12928,,
0.11438,,
0.09545,,
0.11708,,
0.15962,,
0.1265,,
0.11012,,
0.12764,,
0.11298,,
0.1303,,
0.11029,,
0.12773,,
0.11879,,
0.12683,,
0.10257,,
0.10036,,
0.10426,,
0.11509,,
0.15591,,
0.15808,,
0.09475,,
0.10623,,
0.08862,,
0.10247,,
0.09862,,
0.10776,,
0.14798,,
0.11862,,
0.11766,,
0.18799,,
0.17947,,
0.38251,,
0.2117,,
0.23556,,
0.29655,,
0.40503,,
0.43711,,
0.35542,,
0.15138,,
0.14346,,
0.09484,,
0.14546,,
0.1237,,
0.13707,,
0.12041,,
0.1165,,
0.10046,,
0.1098,,
0.10319,,
0.09262,,
0.10946,,
0.12339,,
0.11427,,
0.11199,,
0.12191,,
0.12281,,
0.11121,,
0.12832,,
0.11599,,
0.09661,,
0.10628,,
0.12094,,
0.13196,,
0.11243,,
0.11629,,
0.11303,,
0.12657,,
0.23167,,
0.10164,,
0.12004,,
0.11861,,
0.10036,,
0.11461,,
0.10798,,
0.11683,,
0.11513,,
0.13121,,
0.10193,,
0.12464,,
0.12564,,
0.13057,,
0.09889,,
0.10828,,
0.10207,,
0.11827,,
0.10951,,
0.10877,,
0.10534,,
0.12333,,
0.12324,,
0.12634,,
0.12773,,
0.12632,,
0.09554,,
0.09366,,
0.1095,,
0.11913,,
0.10476,,
0.13565,,
0.13145,,
0.12137,,
1.227,,
0.10228,,
0.09124,,
0.10335,,
0.11105,,
0.10837,,
0.10373,,
0.10255,,
0.08922,,
0.09977,,
0.10604,,
0.12401,,
0.13307,,
0.1532,,
0.09423,,
0.12757,,
0.12184,,
0.15726,,
0.16244,,
0.14167,,
0.10696,,
0.12221,,
0.12144,,
0.09961,,
0.1433,,
0.13678,,
0.09661,,
0.10269,,
0.11865,,
0.09186,,
0.07993,,
0.09715,,
0.09145,,
0.10979,,
0.08893,,
0.08521,,
0.07988,,
0.09038,,
0.08777,,
0.1057,,
0.0901,,
0.1117,,
0.08314,,
0.10635,,
0.08661,,
0.11865,,
0.10448,,
0.10857,,
0.1802,,
0.22177,,
0.13327,,
0.1241,,
0.11117,,
0.09627,,
0.12501,,
0.09761,,
0.15029,,
0.11493,,
0.11948,,
0.13629,,
0.13365,,
0.13834,,
0.11496,,
0.0913,,
0.11379,,
0.10667,,
0.11051,,
0.12721,,
0.12554,,
0.12161,,
0.08961,,
0.11442,,
0.14458,,
0.11701,,
0.12894,,
0.10766,,
0.10083,,
0.08849,,
0.11213,,
0.12389,,
0.11225,,
0.10007,,
0.12304,,
0.12906,,
0.08821,,
0.10226,,
0.1067,,
0.09534,,
0.10423,,
0.13926,,
0.10413,,
0.10038,,
0.09562,,
0.09885,,
0.09324,,
0.10706,,
0.12055,,
0.10356,,
0.10813,,
0.09779,,
0.11297,,
0.10397,,
0.10118,,
0.09626,,
0.10165,,
0.14937,,
0.14005,,
0.1102,,
0.14257,,
0.11264,,
0.11371,,
0.11444,,
0.13004,,
0.12296,,
0.13765,,
0.11378,,
0.15757,,
0.10862,,
0.13017,,
0.12494,,
0.1115,,
0.12696,,
0.1185,,
0.11913,,
0.1042,,
0.12183,,
0.10437,,
0.10613,,
0.10294,,
0.09108,,
0.10156,,
0.15047,,
0.10676,,
0.10279,,
0.0979,,
0.11572,,
0.11023,,
0.10328,,
0.12304,,
0.10742,,
0.10992,,
0.10013,,
0.09544,,
0.13303,,
0.1096,,
0.11894,,
0.11328,,
0.118,,
0.13182,,
0.11928,,
0.11713,,
0.11856,,
0.11849,,
0.09582,,
0.10524,,
0.11829,,
0.15756,,
0.10755,,
0.11442,,
0.12211,,
0.09985,,
0.12129,,
0.12268,,
0.16766,,
0.18398,,
0.16184,,
0.12098,,
0.13836,,
0.17121,,
0.27783,,
0.1669,,
0.13992,,
0.12861,,
0.12335,,
0.10312,,
0.11251,,
0.1107,,
0.12028,,
0.11058,,
0.10115,,
0.10998,,
0.12762,,
0.12493,,
0.14276,,
0.12163,,
0.11898,,
0.10708,,
0.13367,,
0.14215,,
0.14425,,
0.16378,,
0.11168,,
0.13237,,
0.13686,,
0.10888,,
0.12673,,
0.11663,,
0.1178,,
0.14537,,
0.11533,,
0.10457,,
0.15017,,
0.13052,,
0.11512,,
0.13433,,
0.11739,,
0.10642,,
0.13227,,
0.11968,,
0.11469,,
0.10406,,
0.10687,,
0.11228,,
0.11659,,
0.10204,,
0.09789,,
0.14246,,
0.1174,,
0.12748,,
0.10496,,
0.12379,,
0.11622,,
0.11161,,
0.12094,,
0.10212,,
0.10504,,
0.09889,,
0.12127,,
0.14375,,
0.14327,,
0.09955,,
0.11973,,
0.10644,,
0.12229,,
0.11851,,
0.13063,,
0.12284,,
0.10219,,
0.12523,,
0.1024,,
0.10323,,
0.11467,,
0.1235,,
0.11811,,
0.098,,
0.13719,,
0.114,,
0.10743,,
0.10412,,
0.099,,
0.10217,,
0.11741,,
0.10912,,
0.12739,,
0.10512,,
0.12794,,
0.12634,,
0.0938,,
0.09604,,
0.13284,,
0.12002,,
0.08769,,
0.1073,,
0.09419,,
0.10563,,
0.11068,,
0.11456,,
0.10109,,
0.12532,,
0.10857,,
0.11339,,
0.10395,,
0.17692,,
0.13135,,
0.11706,,
0.09794,,
0.1019,,
0.12502,,
0.11198,,
0.12732,,
0.11953,,
0.11793,,
0.11789,,
0.12887,,
0.112,,
0.13024,,
0.14557,,
0.1416,,
0.16795,,
0.12078,,
0.17042,,
0.13144,,
0.18687,,
0.10419,,
0.08909,,
0.14746,,
0.11542,,
0.10061,,
0.12167,,
0.12881,,
0.10188,,
0.11135,,
0.11626,,
0.10294,,
0.11401,,
0.13385,,
0.10783,,
0.12054,,
0.12217,,
0.14452,,
0.093,,
0.11159,,
0.10663,,
0.11818,,
0.11363,,
0.15238,,
0.11498,,
0.119,,
0.11424,,
0.09488,,
0.09517,,
0.10692,,
0.09492,,
0.10863,,
0.11172,,
0.09074,,
0.1079,,
0.15181,,
0.1952,,
0.12516,,
0.11393,,
0.13055,,
0.123,,
0.15466,,
0.14724,,
0.13619,,
0.16081,,
0.09216,,
0.09023,,
0.10359,,
0.10358,,
0.11455,,
0.09722,,
0.09283,,
0.09035,,
0.10909,,
0.11312,,
0.13964,,
0.11789,,
0.12109,,
0.09631,,
0.12707,,
0.1064,,
0.13465,,
0.11763,,
0.1011,,
0.11332,,
0.10537,,
0.1073,,
0.11421,,
0.09693,,
0.12685,,
0.11589,,
0.13002,,
0.09826,,
0.1169,,
0.1251,,
0.10915,,
0.10377,,
0.11205,,
0.12271,,
0.128,,
0.10342,,
0.11045,,
0.12454,,
0.12683,,
0.13245,,
0.11558,,
0.09672,,
0.10763,,
0.13541,,
0.14962,,
0.11692,,
0.12508,,
0.15744,,
0.10632,,
0.11972,,
0.10498,,
0.10927,,
0.10784,,
0.11625,,
0.12118,,
0.08664,,
0.09925,,
0.10415,,
0.09781,,
0.10034,,
0.12651,,
0.10722,,
0.11251,,
0.12265,,
0.13504,,
0.10411,,
0.09084,,
0.12328,,
0.10952,,
0.09902,,
0.11406,,
0.12191,,
0.11291,,
0.11966,,
0.12606,,
0.11894,,
0.09976,,
0.11789,,
0.09917,,
0.1712,,
0.15342,,
0.10453,,
0.39778,,
0.24718,,
0.2558,,
0.27213,,
0.4968,,
0.58028,,
0.23004,,
0.19042,,
0.10324,,
0.10265,,
0.10451,,
0.12533,,
0.1336,,
0.1262,,
0.09763,,
0.1046,,
0.15096,,
0.13126,,
0.12489,,
0.12677,,
0.14853,,
0.15928,,
0.1325,,
0.09483,,
0.14327,,
0.09461,,
0.09312,,
0.10098,,
0.0917,,
0.10432,,
0.10566,,
0.09569,,
0.11742,,
0.11507,,
0.1166,,
0.10678,,
0.09684,,
0.09242,,
0.09396,,
0.10296,,
0.09337,,
0.09612,,
0.13077,,
0.09535,,
0.09727,,
0.09813,,
0.10439,,
0.125,,
0.09675,,
0.11717,,
0.10476,,
0.11597,,
0.10966,,
0.14142,,
0.12676,,
0.11102,,
0.11301,,
0.11324,,
0.09414,,
0.11378,,
0.11508,,
0.12103,,
0.11715,,
0.10593,,
0.14209,,
0.13592,,
0.10488,,
0.09437,,
0.08615,,
0.11071,,
0.09089,,
0.10615,,
0.12298,,
0.09676,,
0.12168,,
0.10352,,
0.10836,,
0.23727,,
0.13404,,
0.13173,,
1.16685,,
0.09941,,
0.10802,,
0.10063,,
0.09101,,
0.11258,,
0.11759,,
0.14079,,
0.12243,,
0.1224,,
0.1126,,
0.10085,,
0.07576,,
0.10713,,
0.10664,,
0.09481,,
0.11704,,
0.10588,,
0.11048,,
0.12606,,
0.12902,,
0.12653,,
0.10303,,
0.10397,,
0.11368,,
0.08753,,
0.09327,,
0.08936,,
0.10658,,
0.12937,,
0.10113,,
0.11148,,
0.12758,,
0.10869,,
0.11689,,
0.1348,,
0.10567,,
0.09176,,
0.1129,,
0.12188,,
0.10828,,
0.12303,,
0.12501,,
0.10202,,
0.10303,,
0.13761,,
0.11452,,
0.09753,,
0.12455,,
0.13171,,
0.12645,,
0.1043,,
0.09973,,
0.10718,,
0.09977,,
0.09803,,
0.13043,,
0.11512,,
0.12074,,
0.13893,,
0.12289,,
0.10286,,
0.11427,,
0.11688,,
0.14039,,
0.11208,,
0.12341,,
0.12408,,
0.1069,,
0.12186,,
0.12738,,
0.12016,,
0.11738,,
0.10777,,
0.14958,,
0.11252,,
0.11814,,
0.11143,,
0.13837,,
0.14108,,
0.10994,,
0.11826,,
0.13983,,
0.12282,,
0.10284,,
0.12082,,
0.12297,,
0.11121,,
0.13029,,
0.12581,,
0.11766,,
0.10831,,
0.11552,,
0.13255,,
0.12805,,
0.13006,,
0.15777,,
0.14644,,
0.10897,,
0.14469,,
0.13089,,
0.12554,,
0.11475,,
0.10169,,
0.10017,,
0.13476,,
0.12475,,
0.12526,,
0.1034,,
0.12358,,
0.09892,,
0.12559,,
0.09557,,
0.11245,,
0.11789,,
0.11846,,
0.11785,,
0.1207,,
0.1096,,
0.09927,,
0.11175,,
0.0899,,
0.10501,,
0.11558,,
0.10649,,
0.14539,,
0.10775,,
0.11274,,
0.14025,,
0.12383,,
0.11765,,
0.10548,,
0.11402,,
0.09863,,
0.11289,,
0.09223,,
0.10963,,
0.11292,,
0.13624,,
0.11701,,
0.11663,,
0.12712,,
0.09203,,
0.09726,,
0.09327,,
0.12739,,
0.11588,,
0.09894,,
0.11187,,
0.12677,,
0.16414,,
0.13229,,
0.12387,,
0.13166,,
0.11022,,
0.13479,,
0.11864,,
0.13694,,
0.11874,,
0.09412,,
0.1041,,
0.14011,,
0.11397,,
0.10306,,
0.14705,,
0.15647,,
0.1501,,
0.12677,,
0.14887,,
0.13488,,
0.12253,,
0.15607,,
0.12772,,
0.12361,,
0.10767,,
0.13126,,
0.16868,,
0.13464,,
0.12055,,
0.1496,,
0.14121,,
0.14727,,
0.16251,,
0.11587,,
0.13886,,
0.15291,,
0.10934,,
0.16435,,
0.16687,,
0.13609,,
0.16466,,
0.10446,,
0.12484,,
0.11617,,
0.12543,,
0.12225,,
0.12988,,
0.12963,,
0.18284,,
0.14809,,
0.16595,,
0.14213,,
0.6799,,
